"","baseMean","log2FoldChange","lfcSE","pvalue","padj"
"(ATTTTT)n",1.62433170705049,-0.000583378503521741,0.037939998432844,0.000543533971665168,0.0223698200213445
"(GTGA)n",2.1455699155122,-0.022479044277102,0.0483420650605673,0.000351858765808683,0.0178229997911552
"(TCTGTG)n",0.692300052192342,1.69068584855872,0.345507832283337,0.000801815204503607,0.0301711606951786
"AluYd8",4.32240597886765,0.443061628256231,0.187344176514995,0.000540156332676665,0.0223698200213445
"BSR/Beta",373.623766639481,-0.273523321445878,0.144130572267391,0.00143492126566348,0.0460924708994831
"ERV24_Prim-int",14.0288070400189,-0.321093968935975,0.117306160600022,0.000199089934079043,0.0114000627470478
"GSATX",3.27843515812258,-2.38177149816714,0.272130311799984,6.65008307759301e-20,8.75815941318999e-17
"Harlequin-int",809.545711767585,-0.682148967212707,0.172939874107753,2.4801106766868e-06,0.000272890250011726
"HERV1_I-int",4.47407062944466,-0.368943383915551,0.230401321254088,3.00015470336022e-14,1.97560187216271e-11
"HERV3-int",267.643186969169,-0.591199291966605,0.165490717217928,1.0726362457585e-05,0.000882913709789964
"HERVH-int",1749.37778056831,-0.440513130687323,0.142000855304735,5.53781463522415e-05,0.00405183437477234
"HERVK14C-int",4.55989343045774,-0.0423224303047349,0.0921434197923677,7.83010580007354e-06,0.000687483289246457
"HERVK3-int",491.182914554824,-0.0297093997588443,0.0563119560010562,1.5301719829922e-06,0.000223915166844525
"HERVS71-int",178.438593581022,-0.0340029197718002,0.0642255732487102,0.00121546938603453,0.0410454661899352
"L1M3",522.622846525651,0.192506959407522,0.0644384664906585,0.000149323188379568,0.00936469709980432
"L1M3a",189.872331230915,-0.167726139630727,0.0730384652220512,0.000938080923168906,0.0333906101571202
"LOR1a",40.2294654007088,-0.185036422758885,0.0889758232394696,0.0013490658035614,0.0444179915822592
"LTR10A",108.541858361217,-0.00321523418547646,0.0375344416132925,0.000432355400119338,0.0203361450698989
"LTR10B2",7.53696015459045,-0.897755725004625,0.187291951816816,3.32385690564241e-06,0.000317020294918623
"LTR12",142.869251468477,-0.02177026943554,0.0462865049174184,4.08287375019192e-07,7.6816353271468e-05
"LTR12_",128.022823238192,-0.0188456796770012,0.0443811185620952,1.54533961516752e-05,0.00119718369010331
"LTR12C",1178.96629563852,-0.698729404543392,0.110941939819074,2.48647152630274e-06,0.000272890250011726
"LTR16E1",33.6077885831505,-0.185946737526852,0.0868904050907239,0.00111894236762959,0.038780186793899
"LTR19A",179.190927440521,-0.519334781290174,0.23433773537012,2.7237833081568e-07,5.97870436140417e-05
"LTR1B0",15.1778653473337,-0.0298092415864316,0.0589977887527681,4.71314208939896e-09,1.24144162634768e-06
"LTR1F1",18.9928392865459,-0.0135537266170753,0.0396414019990676,0.000487209041101872,0.0221260105907299
"LTR22",4.32521945409595,-2.21851715742058,0.301438108872376,8.15235591568293e-13,3.57888424698481e-10
"LTR3",37.6278889290852,-0.476862521801996,0.16282204197999,0.000100429470742941,0.00661328064842269
"LTR36",44.7660374855672,-0.547797924756824,0.130694277290948,9.58138220767434e-07,0.000157733504593839
"LTR3A",40.2776446898995,-0.465918624044995,0.185273990854857,0.000310465161231268,0.0163553046936632
"LTR40c",60.8566177825421,-0.498353692562724,0.12794397782361,3.36999554203547e-06,0.000317020294918623
"LTR43",42.1681186649582,-0.333102395301099,0.120156037984679,0.00018167876501386,0.0108759515237843
"LTR47B",2.00704745782144,0.400589640702512,0.173957570583637,0.000726222292040361,0.0281304340769752
"LTR48",36.9747129332283,0.694656323337507,0.126332234509123,0.000684653508118035,0.0273238990967107
"LTR85b",15.3322539419982,-0.663618104582033,0.117694153621319,6.43097598316343e-05,0.00445768177359276
"LTR88c",3.42309283647764,0.420422726209227,0.191197239306607,0.000870655192848662,0.0318514691383802
"LTR9B",148.357949444258,-0.967591173782098,0.170352781583975,4.19237921717865e-10,1.38034085725607e-07
"MER51E",732.953956335938,-0.00915375677183294,0.0395006519139944,0.000284872620845222,0.0156323850688815
"MER65-int",417.022328776163,1.39856385471629,0.242916507027772,1.85230099171839e-06,0.000243948040609312
"MER92A",4.68979522171738,0.547086552275149,0.214286339708959,0.000422049470236869,0.0203361450698989
"SST1",15.1593908754425,0.00473532577304671,0.0373675318189316,0.000534685320438942,0.0223698200213445
