id,barcode,file_name
6da42860-f8f8-4359-97b5-d0f5d78cc04a,TCGA-KQ-A41P-01A-12R-A33J-07,4cd267cf-fb3c-4e3c-9dc4-ca866586ae44
d5e61fa8-0432-448e-89a9-864f4170f1f5,TCGA-DK-AA71-01A-31R-A39I-07,fd324ce0-1249-461e-a378-c1c2e462c9ae
2dc18376-84f6-4b24-8b27-ecad1edb0daf,TCGA-CF-A3MI-01A-11R-A20F-07,38d189fa-47d7-4d36-a057-47be1bda5db8
3ba4ba60-19e6-465e-bc86-48171fb84007,TCGA-C4-A0EZ-01A-21R-A24X-07,dbcefade-ab9e-42f3-a37c-75a01d05a636
c08fe87f-6490-4a45-bf47-722b4462dcd6,TCGA-CU-A3QU-01A-11R-A22U-07,a74bbbf5-bb97-4458-99ea-d119f9373706
fd1ec26a-64e6-4bc4-b923-182bcf3446a0,TCGA-BL-A13J-01A-11R-A277-07,2775d5a7-9663-4169-83e3-937032a27d78
fa78cca9-b17d-4364-8822-cb600306ab31,TCGA-HQ-A5NE-01A-12R-A28M-07,acb32e2d-69a7-4b88-84df-ed77cab7e919
7509c425-48ce-406c-8388-f09c1c45710c,TCGA-GU-A42P-01A-11R-A23W-07,5b802329-910c-4716-82ad-72362793bcd7
06171be3-94ba-4341-be53-8aa00abc8a05,TCGA-GD-A3OQ-11A-21R-A220-07,18f43819-4f21-4dd0-b626-adf636bd685f
0fd3fc67-019a-468b-b32f-e2afa934562d,TCGA-ZF-A9RF-01A-11R-A38B-07,ce5ed598-2c93-404f-85ec-828de0da0080
8d197836-0209-4a2d-9cac-65592a5e7217,TCGA-ZF-A9RL-01A-11R-A38B-07,95ac43f8-94e2-413a-bba1-46bf191df085
e86d7f41-61b9-405d-a21b-51e80c152cdb,TCGA-GC-A6I3-01A-11R-A31N-07,2ae42ebc-fe97-40d0-bbc8-32b149c42a49
99578d82-a945-49bb-8199-a662428d4087,TCGA-CU-A3YL-01A-11R-A22U-07,f72883c6-84b5-414c-bb8f-b9dc9a85c084
0a987985-cf18-43f2-8059-0b4c548c7296,TCGA-BT-A0YX-01A-11R-A10U-07,f6b4b760-2994-4f86-860b-78f444c766af
bbe5b554-ded6-4189-bb76-3eecc49da86e,TCGA-FD-A6TG-01A-11R-A32O-07,2c168fbb-54fe-4ded-b287-bdd778497fac
66a6beb7-39d6-42dc-b53a-2d61f49df5b3,TCGA-K4-A3WS-01A-11R-A22U-07,c202c339-8776-40d7-9b3b-ab5720463fb1
34b62a74-f7be-48de-9eba-ee72483c1ddd,TCGA-BL-A0C8-01A-11R-A277-07,1291ebbe-678d-4a57-8e49-1dfce1078af2
428cf63a-da4f-4281-803b-f306092fc098,TCGA-BL-A0C8-01A-11R-A10U-07,10305a44-2df2-4078-9146-7bc82576d62b
99c3b5f5-0fcc-4d38-b733-39ea58e47b25,TCGA-CU-A72E-01A-12R-A33J-07,751aadb4-d250-4a63-b6ef-74a54fc45d33
5595b89d-0e83-4a8e-84bd-091cde17edb7,TCGA-4Z-AA7O-01A-31R-A39I-07,33ad2ead-0f50-42ae-b2c9-4cee74dac42e
136cdca4-5f90-42b2-a9ea-190a6fe84be4,TCGA-DK-AA75-01A-11R-A39I-07,e4de008d-75d4-4728-9ce4-0d0493bbdaf6
c6de1922-c4b8-4cb8-8395-fd0d23e6201b,TCGA-XF-A9T4-01A-11R-A39I-07,1ef30844-0b44-40c4-b368-d1f4275ffb94
5f53d5fe-fe4f-4dae-97cd-3eab82d6639a,TCGA-DK-A1AE-01A-11R-A13Y-07,ac2982b0-8c86-4205-94a3-e0e0e12ad9cf
55c75296-eeb9-4e7a-8e5d-41ca7139bfac,TCGA-4Z-AA86-01A-11R-A39I-07,83cd85a9-60e4-45d2-84f5-f79e005400b5
04b7ce17-2c2b-42e5-a27a-2a478302a382,TCGA-E7-A7DV-01A-11R-A33J-07,e6408e48-bc0e-426b-a149-8499c81b162b
7a6900ce-fe73-4ed9-9d57-261f48bbd432,TCGA-FD-A5BV-01A-11R-A26T-07,c3c173e2-8cb9-4a2f-bf2d-ab5da40a3655
ef19e37f-293d-4823-a72b-517073508679,TCGA-GD-A76B-01A-11R-A32O-07,40625648-4805-49ff-aebe-4dba9f566390
458f4793-a876-4e82-baf1-2e61a030c39a,TCGA-UY-A9PF-01A-11R-A38B-07,725a3566-9a29-4b70-a3d2-615ded706bfd
c439394a-70b6-4447-957d-3a30310dc369,TCGA-BT-A3PJ-01A-21R-A220-07,3f23e824-0c06-48cc-bd55-765f5353cc75
00917694-128c-4eaf-8562-169f83bbbb1c,TCGA-FD-A6TA-01A-12R-A33J-07,b777c87e-91bf-498b-a7dc-7f5c38a7074d
75deddba-ebe5-41a2-91e3-9982d3010ecf,TCGA-FD-A5BX-01A-11R-A26T-07,7fc1df1c-b2cd-492f-923e-801499a02c3a
5dc29dde-a5e5-49b2-85ba-73d651e6cba1,TCGA-UY-A9PH-01A-11R-A38B-07,094f1b0d-ce3b-4f9f-b878-4c472248b373
4fd2fb16-830e-422e-a917-c9d55c011632,TCGA-LT-A5Z6-01A-11R-A28M-07,b54756e9-755f-4276-ae08-9e4b1543a737
ffa133b4-622a-4666-8cb2-7f3f0b03dcd9,TCGA-4Z-AA7Q-01A-11R-A39I-07,c5f08e17-4090-4a75-bb4e-bc65f433d4dd
b7454cf6-7b4c-45ee-a531-07755099ecaa,TCGA-GV-A3JV-01A-11R-A220-07,aab2af88-582c-4b84-b68e-149bf9ad44c9
310e9191-a6f7-4f58-a318-d072782acd1e,TCGA-ZF-A9R4-01A-11R-A38B-07,a69707cd-cc17-4db5-a509-5048b8ca38ff
c47286af-3038-44ea-b965-b67a0eff75dd,TCGA-XF-A8HH-01A-11R-A38B-07,1bb6ad86-1833-4500-a398-03bf2131a9b7
3c777574-c2e5-4659-82d9-eabb730c4e73,TCGA-K4-A54R-01A-11R-A26T-07,440597a0-734d-4ebd-8460-c3641051694c
ab6ec537-fc90-468d-b7b1-b8cf9532cdfe,TCGA-DK-AA6R-01A-11R-A42T-07,9e8f3657-1660-4a03-934a-ffe7d0d976b7
f0382031-b6ed-41b7-8c58-9820a84767c3,TCGA-FD-A5C1-01A-11R-A28M-07,bab153d4-0c66-4c1f-a983-9afff1f1c5e8
e241948c-b7b9-4699-b952-dc04e15caaff,TCGA-GC-A3YS-01A-11R-A23N-07,6e0753a0-2bbc-428c-8a57-62329a1d5d64
396e6a5a-ba59-4586-82d5-d9dbe42b36cd,TCGA-ZF-AA4N-01A-11R-A38B-07,562eeefa-3148-4ec5-845f-8eeefb8f2fe8
d377b4b1-bc3e-413d-8d56-e8ddbbd18d5a,TCGA-C4-A0F7-01A-11R-A084-07,6252d4f7-e282-4fad-b12d-56ddd8b19c0c
6fafeb60-3ca0-4f64-9229-d4f047cbae8a,TCGA-DK-A1AD-01A-11R-A13Y-07,0da0d95f-54bb-446a-8aa7-2c7ccd3a7341
df897bb0-3181-4cda-9edc-1f389601aca2,TCGA-DK-A6AV-01A-12R-A30C-07,65c43832-78c2-4c58-ac9d-19ea0fd18cc9
7c533e58-a2fa-4a26-9246-6e56c445c2ce,TCGA-FD-A5BS-01A-21R-A26T-07,c58229ef-3129-4c76-bf3d-284d663418cc
54af5679-5126-4b75-b71a-be8063f21c8d,TCGA-GU-A42Q-01A-11R-A23W-07,0082bb8f-6aa4-441c-8c53-43c2b1a34a52
0db7c4fa-245a-4c54-ad69-0e6718e2fd6c,TCGA-K4-A3WV-11A-21R-A22U-07,53606381-633d-4099-adb3-a58994bc1211
9f8f50e9-b8f6-44b1-92e6-8a1b5953741e,TCGA-K4-A6FZ-01A-11R-A31N-07,8f4d4e46-9236-49a3-85e2-92c40e7e9503
63f9dcf2-9910-47d5-9583-893a41d61ede,TCGA-GD-A3OQ-01A-32R-A220-07,841207ef-88e1-4b9f-b128-489ff4ad2c87
68da461f-5672-4413-8173-05f314c02bb0,TCGA-DK-A6B6-01A-11R-A30C-07,eec9c58b-9f9b-4cd5-873a-9f3a5e6bcb9b
30720525-c045-49f6-8ad6-72fa2e152649,TCGA-DK-A3WW-01A-22R-A23N-07,9ab71b6c-4ac0-4201-ae0e-dd3bea90df59
14ff4542-a504-4d25-a613-ab9d78c33179,TCGA-DK-A3IS-01A-21R-A21D-07,4fe45752-80b5-464b-be77-0eb7880eb0ce
76cce6c5-63f2-47f2-b935-7d4e0e17051d,TCGA-XF-A8HI-01A-11R-A38B-07,a3a57cbc-8772-4647-846a-4bb9a2ad4d40
8f30bddd-530c-4de8-bb49-16d89fe8f93c,TCGA-XF-AAMG-01A-11R-A42T-07,eb275307-78e3-4c57-9fa9-4e307d2f7c50
3bf796b9-88e5-426f-ac30-a6bc4f802c9d,TCGA-ZF-AA4U-01A-11R-A38B-07,1510f0df-871d-4213-bfbb-0bf3219b2254
12e1afa3-40c6-49f2-bf2e-4ee21f668f54,TCGA-BL-A13I-01A-11R-A277-07,9d53fa42-195a-486a-85a9-9998bda6edef
6111ec8b-a479-4eec-8b7e-47f870f03e86,TCGA-XF-AAMW-01A-11R-A42T-07,427dc95c-b118-4d1a-9dfa-e24b3d457b2f
b349560b-5adb-4d33-9c10-4601c7690b28,TCGA-ZF-AA54-01A-11R-A39I-07,8319a269-01f9-4f20-8830-94c1efbdac51
64c36015-ee31-4d47-880f-947857bef468,TCGA-GV-A3JW-01A-11R-A20F-07,68c13b6c-213f-4f6a-93cb-dd196a664fd7
14b263d5-54ae-4661-954b-afb9b73eeb56,TCGA-GD-A2C5-11A-11R-A180-07,b454e8bd-2e65-47ff-879b-5c7dd959b361
10185a3d-ce7a-45e9-95a7-2e37e90f5741,TCGA-DK-A3X1-01A-12R-A22U-07,6ce7c947-d7fc-4d74-8d2b-7abb7df62dca
135abe1a-d3a1-4845-9bd4-e0acf3eca7a6,TCGA-ZF-A9R1-01A-11R-A39I-07,62c259cc-7b78-41df-bec3-c071ac8d3017
0e63e63e-e8b8-4b6b-9f69-3c52d05f7402,TCGA-YF-AA3L-01A-11R-A38B-07,3d417f36-a79a-4bcf-8256-dac7a18558e2
41246cd8-f1a6-4251-9abe-6c71ddd7060c,TCGA-BT-A3PH-01A-11R-A220-07,136a37d1-25e5-46d4-adf2-98d86cbb08ad
8f7afb85-8916-4d5f-a732-d37940a5e136,TCGA-XF-A8HC-01A-11R-A36F-07,4cc5e07a-1076-4bfb-9ab0-79386f24a26a
435e79dd-61ab-43e0-99b1-719f95774819,TCGA-CF-A5UA-01A-11R-A28M-07,0fb4d034-8453-414b-b40b-1753948cb4bf
e4643bcc-113a-4e10-80f4-9732a3d88b8d,TCGA-DK-A2I4-01A-11R-A21D-07,62b40723-3aab-4aa4-a53e-31dffc918908
ddc10db1-a260-4cd8-bace-17ba38b14b71,TCGA-CF-A3MG-01A-11R-A20F-07,0233f814-d256-4bb3-b2f6-53b575ad7312
c4f5c436-c8ef-4032-8205-10d9fba6e30c,TCGA-K4-A6MB-01A-11R-A31N-07,36d540ed-6a64-4eed-b5b0-3ad0a8af1389
c91495da-5e59-4519-a2fc-fa838a23a45f,TCGA-BL-A13I-01B-04R-A277-07,7e0f0c00-d180-49c4-a526-b13c217f63c7
628dd2b0-3462-4115-9185-639e0758932d,TCGA-GD-A2C5-01A-12R-A180-07,e4e88363-fd94-4fdc-aca4-bcb1d5e931ee
2f260e7a-a58c-4570-8f62-aaf9fdf0944f,TCGA-4Z-AA82-01A-11R-A39I-07,37092116-a8e1-4f84-afea-82c69c19b062
e5bfc91c-d13d-4ca0-9036-1979c9adabb8,TCGA-DK-A1AG-01A-11R-A13Y-07,da0a9429-3585-49be-8dd2-98542d953975
e50bf614-9f72-4fba-b357-141864749eea,TCGA-PQ-A6FI-01A-11R-A31N-07,4a200687-aabe-4424-a1bd-fc7be9f1b915
f8fff280-899c-4c2d-8d70-140988d9ae07,TCGA-FD-A5BY-01A-31R-A28M-07,74c0e566-d538-4fec-955d-b505aff85e87
9fa61f9e-985a-425c-982b-17ca3c2e2fc8,TCGA-XF-A9SH-01A-11R-A39I-07,78091076-05cc-42e0-826f-1847cda306cf
3c70e2c8-cca8-47d0-b1b8-baa377c0b151,TCGA-FD-A3N5-01A-11R-A21D-07,bf0b9275-9c77-47af-bd9e-9158f88c3852
513f70f4-4d2c-41d5-8a16-feab6176dc27,TCGA-GV-A3JZ-01A-11R-A21D-07,1c6c6489-886f-4472-acd5-ddf55264e3e3
1bcee365-5cdf-4a9b-af36-2842ec0b8acf,TCGA-XF-AAMY-01A-11R-A42T-07,aa8b6589-7bb1-4b6b-b0a1-78161b5a9eea
cd3e36d4-f33e-47f7-bb82-3779498b345e,TCGA-E7-A678-01A-11R-A30C-07,ebea39ce-7194-436f-9e92-b09cf714cbce
48ce8b44-ee12-4527-84c2-34452b6d21c5,TCGA-E7-A7PW-01A-11R-A352-07,4b39289c-2e11-4961-be0f-de776f62ab64
c876be43-0207-4587-a9b3-b5dbf7a4bbd2,TCGA-FJ-A871-01A-11R-A352-07,4f739091-c805-41a2-9df9-645b0d18d2a6
9fc49b1d-9f32-4a8e-92f7-fd5aae5f3849,TCGA-DK-A2HX-01A-12R-A18C-07,5a56c725-60b4-4116-ae46-18281a0a2dd4
d13233de-0c31-4444-b75f-9007b304a236,TCGA-K4-A3WU-01B-11R-A23N-07,61673296-44d3-4563-83e2-705219e52d7f
fc794a3e-501f-4234-b165-0c4c70cef016,TCGA-BT-A20V-01A-11R-A14Y-07,e0200aa0-cfdd-475b-8c51-b1d4092dafb2
3c09847e-766d-4901-8a73-99bd7fefc087,TCGA-GU-AATP-01A-11R-A39I-07,702f3dcd-4e13-470d-bded-6e38a5577e51
345de2a3-5462-4a05-b4eb-7a03061693a2,TCGA-CF-A47S-01A-11R-A23W-07,364e9acf-ce10-4032-9da1-c037e2676902
38edeea0-9e3b-4579-aca3-d535734e9c66,TCGA-ZF-AA52-01A-12R-A39I-07,4698a08f-a8a8-432a-9621-32eccd90ee65
29e257f5-ed34-4879-987d-770e830cf633,TCGA-GV-A3QH-01A-11R-A220-07,829e96c3-da63-4e29-b51c-b8952fd27137
f86a0402-f29c-4700-b503-9162d4ce9aa0,TCGA-MV-A51V-01A-11R-A26T-07,e0822799-cd93-44bd-9ff4-59a9b780cbde
1f63d746-ac87-4594-b018-a1a9201dd320,TCGA-ZF-AA56-01A-31R-A39I-07,5b1f1113-312d-4bf0-8298-8841de6cb8f1
e5495714-ce52-42bf-a574-515943719ac5,TCGA-C4-A0F1-01A-11R-A034-07,15c2cc5d-79b0-432e-8932-9a468c854512
38e0d2a0-faca-4df5-a7d1-e707602e9798,TCGA-CF-A7I0-01A-22R-A352-07,3804017b-f059-4c51-ac4f-db15c84e2faa
8edba05c-2876-486b-a6ba-c3bd8a443650,TCGA-XF-AAMZ-01A-11R-A42T-07,a0f0ef39-01b3-49a0-a3fb-c9846648b841
36e0deb5-29e7-4737-84ef-a5535cc4c774,TCGA-E5-A2PC-01A-11R-A206-07,4307f934-116b-459c-81bf-1615b34d971b
00a4e200-2bae-4c98-8df5-79b567030587,TCGA-E7-A677-01A-11R-A30C-07,a2782e66-76f6-4cda-a967-c0bdc80a684a
35abea6f-4ed2-4827-93b4-c76a8e2189b5,TCGA-FT-A3EE-01A-11R-A206-07,a2d134f6-dc7e-4354-92eb-566dc514d4cb
16539911-473b-4797-bb86-2946d589d55e,TCGA-K4-A5RH-01A-11R-A30C-07,a46e6bcb-c2c6-4c91-b969-383bde9a0147
2174e236-f903-4961-8308-c09a05c42f98,TCGA-XF-AAN0-01A-11R-A42T-07,c311d227-c5bc-44c5-a705-9fd19ef7adcc
b3525168-8d24-4e74-94ef-7021635b1be6,TCGA-HQ-A5ND-01A-11R-A26T-07,0d58fde5-ed73-4130-b05f-9c2bdc6ecd2c
1f464573-dbd2-4968-83d6-64fb9f19789a,TCGA-XF-AAN2-01A-11R-A42T-07,cde5a288-ecf4-4894-a3f0-f986568e6833
745e9f41-11da-4e2a-ae10-0af8ad208525,TCGA-4Z-AA7R-01A-11R-A39I-07,2d3e5b00-c005-4ff2-ac9c-b7399dd0d708
ac0e8e61-6da8-4872-b200-7cb68fcbd1b6,TCGA-YC-A89H-01A-11R-A36F-07,c2922aea-5123-443b-bcc2-981ec7cf07f0
828e2ff1-087d-4f24-ac26-5f799cbda6ba,TCGA-XF-AAMH-01A-11R-A42T-07,3ad0c76f-a2a7-42bd-8075-079c3759bd4b
9386e16e-9d45-4c22-bf6c-1769e8c13cef,TCGA-FJ-A3ZE-01A-11R-A23N-07,8c1c804e-84f3-433d-9150-3cc2e217056b
75b25593-aad4-452f-aa54-f3d6a1e41432,TCGA-XF-A9SW-01A-11R-A42T-07,49000e08-6e8e-4e36-b707-c748a0ea4b57
2653333e-539c-4666-be91-36b4a6e247b4,TCGA-DK-AA6T-01A-11R-A39I-07,630937fc-ad59-4abd-a01c-8385f9c3608a
5cc45770-1302-4604-ba78-f8dc2402811f,TCGA-XF-AAN4-01A-11R-A42T-07,0b9f3d68-0a84-4d25-af2d-b11375f0f963
fed57082-c832-4614-bdc8-25056caeaa31,TCGA-DK-A3IK-01A-32R-A21D-07,e969b42a-244c-4bfc-8561-d9b16b1e8cd6
0e46cced-4696-40f7-bee9-c5033ca615e0,TCGA-K4-A5RI-11A-11R-A28M-07,2a92b31c-23ef-4fd8-922d-bb8660a121dc
11c94d13-ae00-4e7c-a044-529c4486d0b9,TCGA-E7-A4XJ-01A-11R-A26T-07,274ca82c-1d27-407e-b5bd-1c5529910451
4f704776-3d62-4369-beaa-947ef7a18781,TCGA-ZF-A9R3-01A-11R-A38B-07,e198b3e7-9f45-4c9f-b2ec-d1618feeacea
875a956e-07ad-4943-9868-42e84d809141,TCGA-FD-A43P-01A-31R-A23W-07,785c800e-5d9f-42bc-9ff9-e3be245f6c02
2f98f3e4-e226-44f2-bd27-336311c0e70c,TCGA-DK-AA6L-01A-11R-A39I-07,5407e2bf-bed7-42a4-91bf-1a98735038d8
1f6a1b89-061e-4ad3-926b-b7389ee1ac66,TCGA-DK-A3IN-01A-11R-A20F-07,63c042bd-5a50-4996-acd4-616e1052dd7a
8de6eb26-01b2-4641-af72-ab34b6d358a4,TCGA-DK-A2I6-01A-12R-A18C-07,e86d6c80-5cf2-40b8-8875-d9456d9ea4aa
6170827a-5f91-4473-a894-5683396ac5e5,TCGA-ZF-A9R9-01A-11R-A38B-07,aa322397-3bf1-4dcc-a6a0-144f9248d6db
e7467c67-cf03-49aa-909b-81f739dbf43a,TCGA-BT-A2LB-11A-11R-A18C-07,928d1283-70e7-438e-a30e-18225b7db8e1
01b17e79-a2c5-44a7-a7b7-c56a9698629e,TCGA-CF-A9FM-01A-11R-A38B-07,b0f90c87-b382-4d18-9b20-ee6786c8ecb3
bea146c4-1145-4577-bfab-76df042e7ac9,TCGA-ZF-A9RE-01A-11R-A38B-07,155f334b-7c71-4e11-90fd-2653b41ba162
8f5eacaa-773a-4dbc-adda-910f5cf069ae,TCGA-FD-A6TE-01A-12R-A33J-07,d53aa4c4-6eda-4283-98e9-912850ec968d
11963cb6-73e1-4e17-ac93-c1e1b8bfac1c,TCGA-YF-AA3M-01A-11R-A42T-07,404e4bc6-5821-4490-81bf-499e987af0ed
2d7584b4-f6fa-4305-949a-e75101cfd433,TCGA-H4-A2HO-01A-11R-A180-07,f1c6c8c8-463b-4d5c-a4e0-30017cc6e7ea
c141a9cb-24e2-4e7e-98a8-f6617a47fff4,TCGA-FJ-A3ZF-01A-11R-A23N-07,f3235cea-46d5-41b9-9413-ab1198ba5fff
0a2b699d-8b2a-47aa-8876-1fc4da8522f1,TCGA-GV-A3QK-01B-11R-A23N-07,5ac7a887-5228-421a-9403-7dc43291ef67
ac0cce0e-30a3-4d0c-94cb-a27c1768e69f,TCGA-E7-A8O8-01A-11R-A36F-07,d57458c8-7c75-4d68-9f3e-6cc61a65d0ac
d1b2ad89-f89b-45d2-b153-3c74c26d58c5,TCGA-CU-A5W6-01A-11R-A28M-07,b4ec1606-b683-4c1e-8d11-cdd1f38042f2
5aefaa97-9594-4132-a63c-9cdc3fa3cb6b,TCGA-G2-A2EC-01A-11R-A180-07,5bfd3021-a52e-4a87-a2d2-1b6c76c1aa6c
b364a424-d82a-468a-857b-73f2128d17e7,TCGA-CU-A0YR-01A-12R-A10U-07,91d1557e-9203-4164-a0d1-75852b83ca7c
61c757d3-a6b0-466b-b9ae-dfea495a0a8e,TCGA-GC-A3I6-01A-11R-A20F-07,8d5b29d4-1199-4cfe-bd60-4b676d6f1938
dcea8072-1e79-415d-bbfb-5808d597fa0b,TCGA-XF-AAN1-01A-31R-A42T-07,7be7b9aa-7c03-4c08-8c86-f17b13493a55
da2c1890-ebcc-46d9-9c4e-fc2472021266,TCGA-R3-A69X-01A-22R-A30C-07,b546627d-958b-493c-bd0e-ae879c7fb38c
026813de-bf05-4a3a-b845-0d2e0439235d,TCGA-G2-A3IE-01A-11R-A20F-07,8263aac1-4022-4c69-a1dc-3a9948b36ba4
65bb95bf-c1dd-4da7-981a-8a0e8ae48d9a,TCGA-XF-AAMX-01A-11R-A42T-07,1d7815de-06e4-4a71-964f-56e686d79fe9
5925d60c-0a3e-4390-9e5f-a31fbca3e296,TCGA-UY-A78O-01A-12R-A33J-07,378f3574-035a-4e88-bafc-8ea439e939db
cd44048b-4738-4e72-bcb3-95c2deb68354,TCGA-XF-A8HF-01A-11R-A36F-07,c396fb08-7d8b-4a8b-8457-4ae4c726c6a7
8ef2145f-b401-4fec-85c1-9474a21a0d9c,TCGA-FD-A5BZ-01A-11R-A28M-07,a1b0da23-9979-476f-83df-852edb8305d8
25e7d030-2b97-4796-9a6a-e706fd125c37,TCGA-DK-AA6P-01A-11R-A39I-07,9268afe0-2bfc-4027-a3a9-1da8dc4b6707
ec21a43d-0aa7-4db0-acaf-1a7723cd3d85,TCGA-K4-A3WV-01A-11R-A22U-07,e868acc8-f5d0-485b-892c-6efe1a64be05
8d1a1d19-dabe-490e-ad9c-e8b841aacfbe,TCGA-XF-A9T8-01A-11R-A39I-07,26c6fb60-4ddb-4f72-9f66-efec2e7570c2
b0a18020-845f-4aef-9b5a-b8abc8ea4f67,TCGA-XF-A9SX-01A-21R-A39I-07,8f6fd663-50dc-4500-8aed-1f0b857f570c
2e305aee-3542-4f7a-8d85-a0cef1d6d1df,TCGA-E7-A6ME-01A-22R-A32O-07,acb509f4-6988-4c3a-853f-3160bc3aae97
902179d4-6a9f-4a7f-bddd-fbb38c161103,TCGA-2F-A9KW-01A-11R-A38B-07,d1830ab2-bf81-4ede-b531-0c9eae087df9
9d914fb0-6b84-4121-806e-29b1054a0c3b,TCGA-5N-A9KM-01A-11R-A42T-07,463b54ed-25cf-4293-ae96-3de1db44d65d
03bc5ee6-4120-45e7-ba24-6329ed403e63,TCGA-CF-A9FH-01A-11R-A38B-07,51b7519f-7010-47e8-86b7-eefaccf7c74e
83a40a3b-b1c9-4e9c-aae2-3958d0d08aa7,TCGA-UY-A78M-01A-21R-A352-07,398ad127-b42f-4eae-bb17-059f06e51392
848f46cb-5ddf-4493-aab9-37f8eea30c1c,TCGA-DK-A6AW-01A-11R-A30C-07,99a24aa1-3a52-470f-ac22-1124068f2df6
374f38f5-9310-40f2-9b9b-7a63d34d3e3f,TCGA-GD-A6C6-01A-21R-A31N-07,2731d630-3fea-450c-8633-ed062fc075e6
65421dd9-69f7-4445-8f91-b394c1a30caf,TCGA-CF-A9FF-01A-11R-A38B-07,344d9b2f-063e-48a0-879f-c89051186d29
500953b2-5733-408c-af60-9cb4c1fddf1d,TCGA-E7-A3X6-01A-12R-A22U-07,0a9d5292-0681-4e04-8c80-05018d825263
f7bed08b-4938-49c7-9656-362541a0dad7,TCGA-CF-A8HY-01A-11R-A36F-07,af2ef2ba-96d0-487c-99db-0c42b47ca56d
7bb1b766-5040-491a-852d-97e7f91490ac,TCGA-FD-A3SQ-01A-21R-A22U-07,ad71a241-e6e3-4073-b50a-df4ec389f80b
03415381-9463-4251-8efc-852c28d9c59d,TCGA-BT-A3PK-01A-21R-A220-07,9675cad5-0c0a-40cd-b9c2-7cc33f513a02
4f953a73-bba5-45f3-a4e0-603e0d3ec1b3,TCGA-DK-A6B2-01A-11R-A30C-07,c9a171f6-52c9-4311-a7c0-2cf3a143ecc4
f29df4eb-bf81-4788-858e-6d3b9280747f,TCGA-BT-A42C-01A-11R-A23N-07,d9696e4b-9ed6-45b8-8ae6-fc4b176ac1cb
4e2e0294-ed2e-4410-a860-df5f708bcd77,TCGA-4Z-AA83-01A-11R-A39I-07,acd17672-5583-4632-ba5e-1ecb5c5cefe8
6a9a964d-2c31-409b-ad2f-3ae263f21b69,TCGA-CF-A5U8-01A-11R-A28M-07,cbc02adb-fc93-4f79-9daa-ead6e3b7c7b9
3a90a9c8-43cb-4f1a-84b6-e1464e0d111a,TCGA-CF-A47V-01A-11R-A23W-07,5b28d94f-823c-4962-a3bf-feb1a420ae51
8f838052-2b4a-4fa0-93aa-dbb976922a9f,TCGA-FD-A43Y-01A-21R-A26T-07,aecd94f5-cb60-4f41-86c4-3f741cc70eee
99e5fb2d-e81b-4269-b34b-9808d80b9dd2,TCGA-E7-A6MF-01A-12R-A32O-07,e32f3bdb-e8db-495a-a5f5-ae95a6be0214
17739c05-044c-4656-8083-a7133e029bac,TCGA-XF-A8HD-01A-11R-A36F-07,ba5efeb2-0c21-4319-b052-12763862bf08
ad533483-1325-4d70-a572-490cac0f4495,TCGA-4Z-AA84-01A-11R-A39I-07,dde34740-8bd1-44eb-8280-c87239f74406
c2f56269-d333-4c0b-a7c7-8259666ebd75,TCGA-BL-A13I-01A-11R-A13Y-07,7e7bb2ed-9e16-4df4-9108-9ef55bf283af
8efa3cab-0052-4630-88f3-769d16618856,TCGA-BT-A20O-01A-21R-A14Y-07,fff0c51e-fbf0-4eb2-9b38-962bf4433c6b
71de22fc-5032-481b-853f-9f41b92455cb,TCGA-K4-A4AB-01B-12R-A28M-07,2a8b8aff-2e42-4d73-9639-c5b19e500a17
90672a1f-a6e0-46e5-bb07-bde3480af487,TCGA-FD-A5BR-01A-11R-A26T-07,238223bc-bde5-4f8d-9e52-1900d4d62772
3a9c5a15-478b-4f97-b9d6-27e2de8d1336,TCGA-ZF-A9R0-01A-11R-A38B-07,5670e7da-c7ef-42c6-8fe6-136e83c0e42f
8c5d405a-fb00-40a4-b916-cfc5c59dbfb5,TCGA-GV-A3QI-01A-11R-A220-07,c5b42ffa-3093-4148-a882-1388d2678c5a
f30e3ba9-d160-4336-8a6d-1458f544001b,TCGA-XF-A9SJ-01A-11R-A39I-07,e6e22ce6-2f60-45b4-875a-2d648b610ed0
c3da4bd7-2ecb-48da-ba14-f49733f1b174,TCGA-CF-A47X-01A-31R-A23W-07,6956594f-c286-497b-bcaf-cec8d424a9c5
96e40a3f-6a0d-44c6-ae79-d52297683c37,TCGA-FD-A3B5-01A-11R-A20F-07,c18ee3e0-48eb-4f4a-be57-3df150e01555
990439a0-ccfd-4567-bcca-d5e246813592,TCGA-G2-AA3B-01A-11R-A39I-07,aee84bd5-8a5f-4225-9202-51d7ef835467
12c3d787-a001-451e-a298-cc563ee8a8e8,TCGA-FD-A43U-01A-11R-A23W-07,3c920de9-10c2-4429-9cda-a4146fe5f677
0a585e10-870a-4d47-a934-f2d79275be27,TCGA-CU-A0YN-01A-21R-A10U-07,bbd2ed3e-6d44-4879-973e-31af172518f5
2a492ebb-bb1c-469b-ae6d-b41bfd2b2919,TCGA-BT-A20Q-01A-11R-A14Y-07,4712a4b8-2c7a-4212-b2f2-d304cafc9541
cbe8b463-5d18-4ed5-9176-bf26772edecc,TCGA-DK-A3WY-01A-11R-A22U-07,f9d617fa-0134-479e-9561-857a628c5c78
edc6d2e7-432d-4101-84bf-3f45ea11f881,TCGA-4Z-AA7Y-01A-11R-A39I-07,63ccd369-25a9-46ab-bf54-3bd209364a4d
4003acb2-f7fd-457b-8df1-4a6bc0a94869,TCGA-ZF-AA4V-01A-11R-A38B-07,d6ddd538-f74d-425f-91e3-2499d98feda9
830e70ce-2f76-4bfd-9637-e1c7dc5f2f7f,TCGA-XF-A9ST-01A-11R-A42T-07,bd2f5860-8f0b-483f-a23b-da2a0a4dcbe0
26eaf443-6732-45e3-913c-f83eae0acce1,TCGA-DK-A1A3-01A-11R-A13Y-07,b3ad7482-37b3-4f4f-b408-d7978e048b2a
d260ff00-2d9f-425b-8d92-ab273db7ac56,TCGA-FD-A3SO-01A-11R-A22U-07,3920dab3-366e-4a98-bd76-a65a78324823
789ab340-9a51-4dfb-b27e-84e63818016c,TCGA-BT-A0S7-01A-11R-A10U-07,c6f952a0-3997-4158-beeb-698365a73a86
7091ce6f-a469-499d-bdc9-de8a671879a8,TCGA-XF-AAMR-01A-31R-A42T-07,8d558092-1deb-4b38-8ff5-6abc8ff4a598
9871ddc3-fd59-4afd-94d8-4a5417d2a0ac,TCGA-FD-A43X-01A-11R-A23W-07,8c3cbe0d-d765-42c7-99f2-a5382170eeab
01b081ac-9b24-487e-a28f-bd802454e494,TCGA-XF-AAN3-01A-11R-A42T-07,e25e83e8-48c8-441d-8c11-69cd371f6b27
21e702a0-4398-40f8-ac5e-9bd6c89f93c0,TCGA-LT-A8JT-01A-11R-A36F-07,5afea2c1-825a-4f19-abea-dc4fa191b190
794620cb-aa4c-4e5f-8bb1-2bda5ab3b71f,TCGA-BL-A3JM-01A-12R-A21D-07,310d3edb-353c-4abd-80c9-2a852a031c2d
8e656d5e-9eb1-4085-8639-6182891cc9cc,TCGA-DK-A1AF-01A-11R-A13Y-07,f0a3ee7e-5cc5-45fe-8e9f-e69f75b2e38a
26a1a274-2b68-4d22-8942-321c718e5bd7,TCGA-BL-A13J-01A-11R-A10U-07,786870b0-b32a-4e46-90bf-31792658a685
90095054-9cef-4351-b27a-62728bd4fef4,TCGA-DK-A3IV-01A-22R-A21D-07,cae60e6e-3547-4127-99c0-4b25be3b6d04
1c82d98c-5e0d-4f24-95f0-91c4f93a30a0,TCGA-E7-A7DU-01A-11R-A32O-07,b614e952-55bd-47d1-95d8-9cd51d1d6d3d
41d42b27-f7b1-4504-bb64-d7b888646368,TCGA-DK-AA6X-01A-12R-A42T-07,ea3de5fc-bae7-403e-ba06-61454d578676
541b8231-a877-4d96-a314-db7c4694e242,TCGA-XF-A9SP-01A-11R-A39I-07,52d3b45a-36d4-4129-a812-f4b49426665b
8eebc793-4da5-4a9b-b8ed-ce7ea6112f6b,TCGA-CF-A1HS-01A-11R-A13Y-07,8d1aff99-2884-40f2-b6b4-2d89cf0fa598
8b0e0eed-bc1a-4e21-b23c-6d52dc6cfb4d,TCGA-BT-A42F-01A-11R-A23W-07,d1c8c542-c3ae-4b21-a4e3-1edfdc0b670f
47839969-c328-4de6-975b-a8b1fd75132b,TCGA-XF-A9SY-01A-21R-A42T-07,e355ef23-0e6d-4e26-bdf8-b4cc587eb2ba
502b1aa6-0643-4272-a998-cd18a5292c06,TCGA-KQ-A41N-01A-11R-A33J-07,543e6570-c690-4fb0-a3fa-9c571ba688c8
b9fbdd16-7b8e-42b8-8a43-836a7e277605,TCGA-E7-A5KF-01A-11R-A28M-07,e0b3ee45-d3bb-40b8-ad34-e845b38ee3e9
4d095c7c-d644-4d7e-bebe-c7ada8c7d481,TCGA-DK-A1AC-01A-11R-A13Y-07,6457ad8a-6d64-474a-8368-ddb933d874f8
3856e654-cf9b-4b3e-a5ea-677966927110,TCGA-UY-A8OD-01A-11R-A36F-07,3ebda72d-8317-4cf7-8b68-b747972d8b4f
83fbedd7-a66a-471c-9e9a-598b313848e5,TCGA-SY-A9G0-01A-12R-A38B-07,1b2f7622-757e-478a-b379-951a2e4689d2
6dd9baf3-767c-48e1-8aa6-f8e98a1896f5,TCGA-BT-A20W-01A-21R-A14Y-07,7a5be6dc-b6f7-4326-99e4-24adf6a86dae
0fe9c092-c96a-46af-9fa0-3359c9042e70,TCGA-BL-A5ZZ-01A-31R-A30C-07,9e696678-21a9-4b8d-b2ef-588ecab91e5f
fc315dda-fea0-4c1b-9e22-bb72fae2a395,TCGA-GU-A42R-01A-11R-A23N-07,35892bf4-a040-436d-b436-2433c90d984e
ae590368-996b-46e0-8262-e4767fb940c5,TCGA-GU-AATO-01A-11R-A39I-07,8e950d6e-a738-431b-a847-3116b7b8667d
912cd682-b121-4794-8937-5db17f214c9b,TCGA-FD-A5BT-01A-11R-A26T-07,a0b80500-f47d-484d-8619-e7ddbe5a2e31
58dae173-2e86-41c1-9511-1f2ed4057971,TCGA-GV-A3QG-01A-11R-A220-07,7c7622b4-fdbe-4629-b9c4-454acf3e3e31
a508b77c-ceb1-4561-8db7-3ebcb390cc9b,TCGA-DK-A3IM-01A-11R-A20F-07,915cbc25-6655-4af0-aa85-6db76e36e013
63025bdd-8855-4b74-8fcf-997dd302ab56,TCGA-FD-A3SR-01A-11R-A22U-07,23268387-8577-4148-9d7f-eb49806d9af1
25b52281-39d6-416d-8dc3-fade19862348,TCGA-KQ-A41Q-01A-11R-A33J-07,4b09f954-fdce-4882-96bb-59c32b9f8d5d
7e58aced-b54a-4f4a-a36c-443f2f877bb8,TCGA-UY-A8OC-01A-11R-A36F-07,676b76a7-b8c0-4d5a-ac65-b737256a6a26
c5b7eaf2-0746-44e3-a18e-adb5baadd3cd,TCGA-KQ-A41S-01A-12R-A33J-07,248aada1-bfb0-439d-aed8-72e8a05917d9
ab915d68-5d0b-4dd9-93d3-5e450b1e463b,TCGA-FD-A62O-01A-11R-A30C-07,461dcf70-4109-4890-a5c8-0f423b68f40b
cebe27cd-8368-4886-a9a3-b616f26abf86,TCGA-CF-A3MH-01A-11R-A20F-07,f26b0e2a-915c-4b9b-9431-2561522872fa
161a3785-14f0-4ae8-a610-183a1f82983c,TCGA-XF-A8HG-01A-11R-A36F-07,e970de3f-d507-438a-9da2-b7e38cd79bea
22d2653a-c9cf-4679-ba1d-088bfa46ab37,TCGA-DK-A3WX-01A-22R-A22U-07,257c1642-e511-48a9-a7db-c6be2d3b44f0
f5ee6755-96d6-4e37-9bc7-771214de87be,TCGA-G2-A2EL-01A-12R-A18C-07,e2d1c228-6607-47c6-b03f-107316c5bea4
b662b096-57bc-4f50-8189-4afeca46ee7b,TCGA-K4-A83P-01A-11R-A352-07,eea5f5c8-e8a2-4585-8700-58f3c33e0657
a7f3a2d9-6825-4d9d-b8ee-4be7d14ef3b9,TCGA-2F-A9KP-01A-11R-A38B-07,f83d2f09-df04-44aa-90f7-338b72bc94f8
1ca274e4-1cfe-4875-a8a4-775d99d7509a,TCGA-BT-A20T-01A-11R-A14Y-07,a65a896f-f724-4cd8-9fc5-46836ca4c4d1
3b73aff1-186f-4d29-97ad-16ab029d9139,TCGA-UY-A78N-01A-12R-A33J-07,e0b411f1-7428-421e-b275-9916f18b06b6
c44b9bad-ca2f-4e69-b8c1-5387657ca44d,TCGA-FD-A3SM-01A-11R-A22U-07,77417517-d6ce-429f-8435-d2971da101e9
08ec0b85-ae0a-4eab-9c4c-08930cb65ba6,TCGA-DK-AA6S-01A-21R-A39I-07,6d9b2e59-f685-4504-8a11-d9bf999aa453
49b356ac-e098-44a5-bad9-a649d86c763c,TCGA-DK-AA74-01A-11R-A39I-07,23e03157-3c09-4c39-8ada-0937487f8115
f1a48228-2378-499f-9303-744ecea817ad,TCGA-FD-A62S-01A-11R-A30C-07,369fcffa-cc20-4050-ad5f-79a41b74efe4
78319f16-d4ce-4308-9bd4-9d8cb8f943ef,TCGA-GC-A3RC-01A-11R-A22U-07,0cb34818-6a44-4385-89ea-edb60198d980
caa4e975-703c-498d-a733-3ef6a6606c3b,TCGA-2F-A9KR-01A-11R-A38B-07,fadb8c8c-1252-4fcc-90da-60dca6c05f9f
c5a5d5a6-03d3-421c-961b-7311acb5c7a6,TCGA-DK-A2I2-01A-11R-A180-07,3391965a-f06a-4ec7-b529-f283a46987a1
295826fd-0ff5-4982-a80f-0e49c2478acc,TCGA-BT-A20R-01A-12R-A16R-07,919ca89d-0eae-4830-ba9c-506563235fab
f676134d-afff-4853-8e08-0751acd3b66d,TCGA-BT-A20N-01A-11R-A14Y-07,4efa0aa4-66c5-4e2f-a0ef-693e6c5b4436
27f31fef-0b17-43fe-8be4-5792d8d708b0,TCGA-4Z-AA7N-01A-11R-A39I-07,c60c6afd-5fc8-4ebf-991d-bc14b329b1ce
755f83b2-e6b5-453d-8e5c-11f28e42ec17,TCGA-XF-A9SU-01A-31R-A39I-07,83de2114-e73a-4fb9-9006-cb6fe8c07a54
ddbd2cce-7611-4780-9fdf-17764d026bda,TCGA-XF-A9SL-01A-11R-A39I-07,d6d27327-e150-46cf-9374-42b34d5c190a
5eefd955-8eb7-4339-bacc-7cfcdc73a9f7,TCGA-E7-A519-01A-11R-A26T-07,7f8d8876-aa5a-47e1-a589-63c17e5917ac
7a687514-d476-4212-8005-9a82d043104f,TCGA-DK-AA6M-01A-11R-A39I-07,13352b83-33ff-4039-861f-061e3374fc2b
351e5ce4-75dd-4e73-8f0c-4f661708ca6b,TCGA-4Z-AA7W-01A-11R-A39I-07,e087ebc1-7d99-4228-a447-b0c62e64003b
d7a98fcb-856e-47fa-90eb-ee222348c8c3,TCGA-CF-A3MF-01A-12R-A21D-07,4f385bf9-59dd-4cd6-82cb-1e6134029ffb
cb7bed46-fdea-4e3d-9282-250f4cf372a7,TCGA-CF-A47Y-01A-11R-A23W-07,0d2ad2ca-52d2-44a0-9daa-6f7d4f43c37f
5a2e3dce-732a-4e6b-bfad-6ee10e953b2c,TCGA-XF-A9SI-01A-11R-A39I-07,0d29e2e4-6ea1-4a34-b5d5-aaff0a88d878
11e59164-6a72-4817-b621-cf5c54f13ded,TCGA-BT-A20N-11A-11R-A14Y-07,e79d0867-ced1-453f-8100-87e24409ed0d
a12f3595-0555-478c-a35b-5d7f8be42b27,TCGA-XF-AAME-01A-12R-A42T-07,4963c1d0-1c8f-4c10-a9a1-8bc479114378
bd25618b-74f4-4e82-b534-7d73c42f8a20,TCGA-ZF-AA4W-01A-12R-A38B-07,bf54ebbf-ebde-44dd-a021-5a9d89096e6f
3939a5f7-76cd-43f1-a488-f0a700939437,TCGA-CF-A27C-01A-11R-A16R-07,ca8e1782-8e05-462b-9ab1-f46e00742919
e9df1671-6a52-45b3-a291-eedb9d2391fc,TCGA-ZF-A9RN-01A-11R-A42T-07,b2f0c675-73a4-4b92-a045-c91779cab2ef
71ea3689-927c-4424-94e4-a3843386d06e,TCGA-XF-A9SZ-01A-11R-A39I-07,dc4403c2-b007-4f93-b2af-f248d00aac21
34951c0b-9774-4099-bb55-6561d5064f5c,TCGA-CF-A9FL-01A-11R-A38B-07,1238c864-c69a-4eb8-a206-9b2bd1a044ca
4c92b93d-854a-482a-9c6a-586c3f048ad7,TCGA-UY-A8OB-01A-12R-A42T-07,8602bfc3-aa83-457f-ac3b-a57e6a998ee2
7731bfcd-73a3-4d2a-85c1-8ef5821ba67f,TCGA-5N-A9KI-01A-31R-A42T-07,eb206e66-dd61-4dd4-bc81-be68cd8bd380
df714af7-78c2-4cee-b315-72ea5b4ce243,TCGA-G2-A3IB-01A-11R-A20F-07,587244fc-658b-4613-9aa1-6304dfb381eb
2bde946e-9525-49af-8e89-abb39d0d0be4,TCGA-ZF-AA5H-01A-11R-A39I-07,6e6d26d2-cf52-4237-bf99-d6503b3f01cd
322761b3-5788-4b7d-a0b2-b9df0c53901e,TCGA-GV-A3QF-01A-31R-A22U-07,7421426e-96d4-46f3-8689-2ce193777051
b2b3a6d3-5209-45fb-90c4-813f8a629147,TCGA-BT-A20U-01A-11R-A14Y-07,15a00b99-f68d-4352-8cd3-fbbb94da2d4c
1c045b01-ad77-43da-addc-dd754ac2ac2e,TCGA-DK-AA6U-01A-11R-A39I-07,de54c5c3-14b9-4d43-b4a4-c1a12520a796
493e22e7-41d9-420c-84f2-9b17cf343481,TCGA-DK-AA76-01A-11R-A39I-07,3c6d09eb-4c43-44e1-a75c-ee95c05e0e4a
855e0540-d636-48b5-a317-904506e5cbc0,TCGA-GC-A3BM-01A-11R-A22U-07,6fd6cc2d-07bf-4b87-8080-eed8361f479b
1605ed0f-68b5-4be0-9880-bb4b9b5801e4,TCGA-ZF-AA4X-01A-11R-A38B-07,03b2efe6-f689-42ab-a6fa-21b2f058fffc
15f4628b-5def-4ee0-9c1e-2ec21f7c7645,TCGA-BT-A2LB-01A-11R-A18C-07,da2df068-9ab9-48d5-8bb1-9e48d4b77e50
ead727e7-8f92-4da7-8149-2ffe1aa6008d,TCGA-K4-A4AC-01A-21R-A26T-07,cd43eb54-081f-4bcb-bf94-deb68cc06854
fb9770e6-24b8-49bf-90fb-5c6ab3406da1,TCGA-K4-AAQO-01A-11R-A38B-07,0c54f94f-141b-4786-b409-e2e0518b1ffc
2a63ed1a-edba-4100-9dd7-2f5083f5e966,TCGA-E7-A7XN-01A-11R-A352-07,2bb4da69-98e6-49ba-94a6-f434f3e481b6
1cf879ba-3c7f-4bf2-9dc1-83623c0acf9d,TCGA-XF-AAMQ-01A-11R-A42T-07,fb25f601-fc85-419d-bc67-e305eb43eda7
fce61b76-09c5-4e80-8197-bbfcacc69604,TCGA-CU-A3KJ-01A-11R-A21D-07,66ef742b-421e-402c-8565-d3cb4388da52
ad9d77b2-ddcb-4f03-9dd0-cd562fb59495,TCGA-BL-A13J-11A-13R-A10U-07,f07b1207-1f0b-424f-b43e-0c4231a02335
e593988e-28f0-426c-b829-4b5c766b3377,TCGA-E7-A97Q-01A-11R-A38B-07,f1f13400-255e-48fb-b3a2-a7436bc78f0b
7c72a5b1-a17e-45c4-88cc-fcfa5c8e3e8b,TCGA-XF-AAMT-01A-11R-A42T-07,a3eff858-2c63-46c4-933d-2763369e69b7
094ff38d-f094-46ec-844c-e8b25c977d7f,TCGA-FD-A3SN-01A-12R-A22U-07,6bc1c414-7477-46df-a9cc-ea1d34b28771
580db980-1cd5-4b84-b55d-4f9c471cbfc7,TCGA-FD-A3B7-01A-31R-A20F-07,89575aa9-366c-4209-a163-26bbd9fc5596
3e15d545-1d72-4306-a895-56c47fb8daed,TCGA-K4-A5RI-01A-11R-A28M-07,a65645cc-6b87-4560-b37d-b33e0853f811
c5993718-24b3-49d7-b36b-a39662f88751,TCGA-DK-A3IU-01A-11R-A20F-07,585afcc7-742c-43df-90e1-403cdf36a3eb
52299a18-ce69-40ca-841d-4bb3a551d18d,TCGA-HQ-A2OF-01A-11R-A26T-07,438eca8b-4eb3-4731-a9af-7a42519d1feb
48b592e3-26ca-4eae-8fbb-c436e4a6a607,TCGA-C4-A0F0-01A-12R-A10U-07,dfe74f4b-71a5-4474-afbd-c51e3b126e2e
17949779-73e6-420c-b87c-06aa58d283d1,TCGA-CU-A0YN-11A-11R-A10U-07,c12d7e89-f6f9-418c-b288-a52429cb712d
58a5e391-2767-41d9-989e-673247547420,TCGA-DK-A1A7-01A-11R-A13Y-07,43c25783-b63a-4f91-8d2f-d933de4e15f8
98fa23fb-9a77-4da5-a8fd-2798ba237e7f,TCGA-K4-A54R-11A-11R-A26T-07,c89fc750-8eb8-4734-af48-4e19ed8960e2
0391d2ca-af9d-4391-ab81-802245e6eafd,TCGA-GC-A3RD-01A-12R-A22U-07,d7368f52-6794-42d4-9d29-a573dd6f4efd
f2ba691a-69b6-4096-8381-5d2b62771e8a,TCGA-BT-A2LD-01A-12R-A20F-07,f0b9c1b2-7f6d-4e45-aa21-eb8f2f3e3fa0
352ec65a-a6fa-44ea-bbbe-acf570a88dac,TCGA-FJ-A3Z9-01A-11R-A26T-07,95443b6e-15a9-4af3-a109-fb985478b37c
f1084f83-d56a-44af-a01a-59c0379bd25f,TCGA-UY-A78P-01A-12R-A36F-07,e1a174e1-2fcf-4bf2-b2a9-f607d2a03355
070ac5d5-96d8-43b5-8753-f2dc2a3e2fb3,TCGA-UY-A9PE-01A-11R-A38B-07,33f09b25-4312-490f-bcd1-07198302593a
58bc9022-e74d-4897-9487-bc7b98813043,TCGA-BT-A42E-01A-11R-A23W-07,fc5192d2-0ee0-4b28-b024-f2566ec8271c
28752198-ba28-411f-912c-bde85f76d0b0,TCGA-FD-A3SL-01A-21R-A22U-07,e4796593-76f6-4ba3-9318-f55e5092c8b3
c14c87e1-6d56-4167-be12-48e1f240c964,TCGA-CU-A0YO-01A-11R-A10U-07,b3dc3eba-c3e6-45ae-85b3-0c1e457c3f6c
acab624f-153d-40da-a351-ddab2d8a7ff5,TCGA-G2-A3VY-01A-11R-A22U-07,b1b0274a-982e-472a-a5ef-ab03c7489336
4bf231b1-636f-4a9e-aceb-9c7a5e0abbb9,TCGA-G2-A2EJ-01A-11R-A180-07,21ef91c8-b3db-4478-8c62-b3c0695dbd50
a51dcec6-68fd-40b8-9cbc-e7693c16dfa6,TCGA-XF-A8HE-01A-11R-A36F-07,50dd951e-0748-4179-8f0f-ca14712941c1
c26b1510-ebdd-4336-b749-3a722cb98205,TCGA-XF-AAMJ-01A-11R-A42T-07,29b27ba1-4578-4ca3-b0a1-f1c3c1bdf68f
8eb3032e-c3ad-4b88-80e8-89add71414a2,TCGA-GU-A766-01A-11R-A32O-07,abb5e66f-66cb-42f2-8345-6586e0a1e233
59d4b416-a414-46c7-b93f-cf5d93a553f0,TCGA-G2-AA3C-01A-21R-A39I-07,82c3ede1-1016-4fe9-928f-071dd5bf447b
5c19954b-9b3c-4ac0-91e6-e5d5491f7b41,TCGA-XF-A9T6-01A-11R-A42T-07,16b71ac7-ee8c-4983-81f9-a33eda6af22e
996873db-fe18-4eb2-9f5d-a01a52f861b0,TCGA-BT-A20Q-11A-11R-A14Y-07,8f02d3d3-8306-4f9e-82a7-20e569c1ddcc
7a82ba66-f286-4cc4-ba19-728547725bbc,TCGA-4Z-AA80-01A-11R-A39I-07,d2beac65-0b94-42df-b9e6-f1dac98f183e
786d45ea-3377-4134-9201-d02d32103643,TCGA-FJ-A3Z7-01A-12R-A23N-07,ab8fc145-a991-457d-8140-92f3d44ab8e2
80da6c10-b010-4fcc-8bba-9eef505c2de6,TCGA-XF-A9T3-01A-11R-A42T-07,0c96e49c-ccb1-440b-bcc0-86735abc22b8
c72ce85f-05f0-45ff-b4fc-da2b28831c29,TCGA-BT-A20U-11A-11R-A14Y-07,a36eacf8-9bfc-4d07-a013-927588fbe18c
45bac716-3d4c-48da-b0ac-6c2530186e34,TCGA-E5-A4U1-01A-11R-A31N-07,c6fb5eaf-ae73-4cd1-aef4-147da50088de
3c7b25be-43c6-43da-99ac-992c23c5f19a,TCGA-2F-A9KQ-01A-11R-A38B-07,cc5fa006-2430-49d6-bda1-92ddcf0e8447
6ae3f7cd-0def-4a43-9a9a-cc04670e7507,TCGA-BT-A2LA-01A-11R-A18C-07,550378db-5869-4202-8dce-f7b97c354c12
bac15283-862c-4fd1-86e2-14fea2468b0c,TCGA-FD-A43N-01A-11R-A23W-07,6f22ad51-d7fd-4927-8751-4a8c84201f82
a4eb2abd-5290-49c4-9775-235a69c52643,TCGA-XF-A8HB-01A-11R-A36F-07,e88718ee-b8b8-4320-b926-31c33f034acb
7fc94ad1-f889-446d-8e6f-60c06bc65202,TCGA-XF-AAN7-01A-11R-A42T-07,bfecb050-7cea-4ff2-8cb6-688d4094047a
da728852-73da-47b3-8d5d-67352fa8dd18,TCGA-ZF-A9RC-01A-11R-A38B-07,49039807-3765-4c8a-abff-7d29440c9332
408efb28-21e6-47be-9ad4-3e9037d02f78,TCGA-E7-A97P-01A-11R-A38B-07,ffeccb77-f800-4d58-8d39-3399598cb616
bd4de917-edee-4bd6-8919-66237cee0fa3,TCGA-FD-A3N6-01A-11R-A21D-07,a7bbe045-63a3-4fbd-bc44-8d91e25fcd3c
719974b8-3b72-4ec6-9a84-822554095e34,TCGA-E7-A4IJ-01A-31R-A26T-07,4f90bf31-816e-4246-9e7a-ca7278960040
d62cc243-00a1-4430-95aa-85bcb8ceeb27,TCGA-FD-A5C0-01A-11R-A28M-07,55b5ef97-2589-48a7-9be0-afce8ac5b12a
962fc51c-df08-4bc7-a533-36e2cbc756f7,TCGA-FD-A3B8-01A-31R-A20F-07,d490a031-9aa6-4913-b5fb-8536a5d2f472
eb9cb057-b38b-4df2-b075-df36ca177089,TCGA-ZF-AA5N-01A-11R-A42T-07,96221531-ab3f-428d-a888-e6f0cec5d441
651e4b4c-68b9-4c74-a50b-6947eeaa1d40,TCGA-FD-A3B6-01A-21R-A20F-07,3a0d8039-50de-4464-8158-28e41bd81c2a
7f440776-39cd-4e75-8c1c-745d83441c4d,TCGA-FD-A3NA-01A-11R-A21D-07,7ed1a140-df96-41f8-a3ca-b4e704efd9ed
bed1d3cc-0eb2-41d6-9018-9870b4a14e03,TCGA-E7-A541-01A-11R-A26T-07,946ac892-23ee-4eb1-aed2-6982c3646f63
e50fdf20-6909-416b-b36a-8b66c38e89fd,TCGA-BT-A20P-01A-11R-A14Y-07,5e856acc-98bc-49f7-9569-669e632a3742
071981d2-d6ef-4bb7-b512-b1f1616e3706,TCGA-4Z-AA89-01A-11R-A39I-07,b2d83451-198f-44ed-923d-7070e7c46497
463b5df6-0fed-4160-9b2f-d493912b2eae,TCGA-DK-A2I1-01A-11R-A180-07,f94c4b33-da05-4c07-8c7b-d8369ca81051
b2087c67-0c38-4f95-9afe-b534dcda25f3,TCGA-GD-A3OS-01A-12R-A220-07,56b4fe48-d2f0-4834-959a-ff088bdf8453
bdba7af3-6f50-41c8-a084-6c0811de4d2f,TCGA-DK-AA6W-01A-12R-A39I-07,09ed993b-cfe6-4963-bdb6-c6844ac762c1
65e0dc6d-c2d3-4868-bd6f-7e140be208c7,TCGA-ZF-AA58-01A-12R-A42T-07,402dbd68-92bd-4754-8999-47fd6a9c8980
b68aebb3-6ea2-4d44-b3e3-b70ac8cadc1e,TCGA-UY-A78K-01A-11R-A33J-07,96561a2f-da60-4960-b23e-885bf9c8f2fd
de2d9514-66c3-496f-9d78-7190c95c2b2d,TCGA-GU-A763-01A-11R-A32O-07,9dca6764-fa41-46ae-be49-9b80c7e91bce
8c19decd-11e7-4a93-9817-6d79883ef526,TCGA-ZF-A9RD-01A-11R-A42T-07,e4f3fe0b-d936-4353-ad4c-e8db8b300143
75b0e616-77fb-4940-a5e5-b7dc864e7dae,TCGA-GV-A40G-01A-11R-A23N-07,b73b89ac-97a9-465c-8abf-b986d0d52df3
122ed337-8387-4b89-b16b-139d0008dbd5,TCGA-DK-AA77-01A-11R-A39I-07,866c636a-5c2f-45bb-835c-acf36b5948a9
e3cb2a78-85a2-44b9-b63c-07e9b282d310,TCGA-2F-A9KO-01A-11R-A38B-07,083a1d65-1bca-414e-8193-92670662e47f
674dea3f-d8fa-4f9b-bb82-1a50fa160416,TCGA-XF-A9SK-01A-11R-A42T-07,72ed5c9e-caf0-46c0-b897-aca6e3b93451
3e48c76f-ff98-4c84-b6ed-1ee6305446cb,TCGA-CF-A8HX-01A-11R-A36F-07,6a01f4da-021f-4330-9405-6a6baa4a4e6a
3343e178-00be-48bf-bfa8-2e4e1cc3e5df,TCGA-S5-AA26-01A-11R-A38B-07,d2d368da-3cc3-44bd-9589-5daeae94898f
5be41a6b-f382-43e0-9936-010d004527b9,TCGA-DK-A6B1-01A-12R-A30C-07,a272e3f1-35c6-4374-952c-f54eeccc52b0
4afdb9fe-1a3d-4f98-a116-634dd3f514d7,TCGA-FD-A6TC-01A-21R-A33J-07,e36f7d08-c4a6-4a38-ade1-0daed3b34dda
1afe3735-1712-4d36-898a-2e3a408ff039,TCGA-UY-A9PB-01A-11R-A38B-07,2fd8945b-9912-44f3-9a21-cf6a6954b56c
d23503c3-bb55-4a03-9767-a89180df5506,TCGA-ZF-AA4R-01A-11R-A38B-07,d73e8a75-cea8-4647-a2b0-87245dec2679
4da519db-3634-47a0-9467-6c602d614ba4,TCGA-UY-A9PD-01A-11R-A38B-07,c3dea8f7-3dc2-434a-a958-0c2b168b49c8
6ffbce81-5b2d-45b7-9c40-fa137d2c9db6,TCGA-DK-A3IT-01A-31R-A20F-07,f1f5fd74-5aed-4ead-b689-f2ce08321a1b
88d692c6-7d96-48ce-9d16-4067b7dd4513,TCGA-GC-A3BM-11A-11R-A22U-07,bbe70122-fa30-4ed9-9837-530b79e5f31a
8201c825-0e86-409f-9ae1-13d0ae58f347,TCGA-E7-A3Y1-01A-11R-A22U-07,54b8079f-4560-427f-84c9-61376c70c05e
91800dbb-f5c6-4576-97a0-fd64f94aba9c,TCGA-FD-A6TB-01A-12R-A33J-07,d0dbaabf-a8a6-4de9-a301-f87ab5ea2ff2
8400a230-800f-4f9f-afd3-91664a7f17c5,TCGA-HQ-A2OE-01A-11R-A206-07,d0c5229f-8924-4d37-9076-69569bcf2b97
395d40db-1203-429f-874d-58649d12a4a0,TCGA-E7-A5KE-01A-11R-A28M-07,76a5cdee-251c-4879-b6e6-ef57242ec793
b6a854d4-50e0-4756-b2da-ee373bf73493,TCGA-BT-A20R-11A-11R-A16R-07,69dbcbec-c889-43d8-ba6d-8ff52642168c
fc566c77-8248-426b-a736-a2d6adaad41b,TCGA-BT-A20J-01A-11R-A14Y-07,543d4766-ae06-4fff-a1b4-dabf22e26970
4015b33f-5571-4afa-bca9-e562a98efd05,TCGA-ZF-A9R2-01A-11R-A39I-07,5e7f155f-00de-4af4-b021-df9c49170f80
a2029576-d13a-49b9-a0a1-86a658eb4002,TCGA-LC-A66R-01A-41R-A30C-07,d8817931-6dd5-479f-acf7-22839ba5b1be
03b1504d-65f4-46d7-9557-178ee754e57b,TCGA-ZF-AA51-01A-21R-A39I-07,67ed7d4d-6b96-4b86-ad14-5c50d34b1abc
ee427dce-7efb-42cc-afe0-54742a54e15e,TCGA-H4-A2HQ-01A-11R-A180-07,04688f35-d23b-474f-938d-5cac13080f93
d0d27343-1f08-4a56-9e2d-a5d029c58fd7,TCGA-ZF-A9R7-01A-11R-A38B-07,23348b0c-b57e-49b4-a334-ab7c92e6ed5a
d140a3f8-6694-4780-a55d-825976b8ebc6,TCGA-KQ-A41O-01A-12R-A352-07,74d4a521-2dd2-4392-ac8b-d5de2adefeac
dc342052-926b-4b66-8448-9ba7305bf8b4,TCGA-GU-A764-01A-11R-A352-07,8246d561-3abe-44b3-af70-05b789c7df20
dab75dc2-309a-476e-8d38-1ae1cf50a951,TCGA-GC-A3RB-01A-12R-A220-07,e827e1a3-55e6-450e-b35c-d7e80d22b2b2
d63e0f75-ec23-412f-b821-6da6d5d1ee82,TCGA-4Z-AA7S-01A-11R-A39I-07,92d9b929-d488-4bce-93fd-fd07895c352a
6e36b817-b390-4500-b2d7-274fd2a07ac1,TCGA-E7-A8O7-01A-11R-A36F-07,2de0db42-12c6-40d5-b3e7-0fc109069c32
c851b213-2e23-4ec8-8335-1444f3d627c4,TCGA-G2-A2EK-01A-22R-A18C-07,cc06181d-e488-4b9b-b5a2-823ecd99171e
202c9840-82dc-4fc8-805c-96092fe75253,TCGA-FD-A43S-01A-21R-A23W-07,7118f021-b333-4d9e-a3ce-4442a67d6fc2
3c26ff88-3375-4462-9505-55d38e8b5b54,TCGA-PQ-A6FN-01A-11R-A31N-07,70a7da4c-2bf9-484f-9f34-608c7ec4f81b
49a05d57-2216-40c5-9d0d-2568fd3f4875,TCGA-FD-A3SP-01A-31R-A22U-07,2cf07cba-6e3b-4682-a72c-31b5b69e3741
87b06a0f-864f-4557-93b9-2b865a61fee3,TCGA-DK-A3X2-01A-11R-A22U-07,8a1e3b34-a40f-4327-9761-7264502faae2
f6dca11d-3b4a-4b9a-8216-f8f7ddb0a0b5,TCGA-G2-AA3D-01A-11R-A39I-07,334884e2-7bf4-4d4f-973f-7c988e6d2d27
5a69bfff-3aca-4ed3-ab8a-acc041072d41,TCGA-FD-A6TI-01A-11R-A32O-07,71322957-ab27-40c2-bf67-b6ee8ace7799
89109446-653d-4e5e-9835-5afaa3b668f9,TCGA-BT-A20W-11A-11R-A14Y-07,76b9e5f3-e28c-4de0-b1f1-83c6ae661377
419589b8-b02d-4b58-902c-da60a44e544d,TCGA-FD-A6TK-01A-42R-A33J-07,fe570348-1e20-4334-9e6a-562b1e4948e4
b04b6430-1850-4c30-a87a-90c9f8e90a4e,TCGA-FD-A6TD-01A-51R-A33J-07,58163359-65ad-46a3-a879-1605d33b1e17
5ae2f6a4-8dff-471f-9139-76efd49bf3f7,TCGA-FT-A61P-01A-11R-A30C-07,79ca7f48-2a65-44e3-9e9d-fa0dedc38f99
cc5f10d1-5285-4bf8-ae78-9145af05b2bc,TCGA-ZF-AA4T-01A-11R-A38B-07,3ac449c9-8f03-45e1-953a-042c02e8e3ce
3b9df44e-c938-4604-a790-223ce2901b15,TCGA-G2-A2EF-01A-12R-A18C-07,67ff6398-4788-4e42-83a0-a3f45e8d4aa2
dbecc547-ecc5-4b3c-b418-d00bd9f666b9,TCGA-SY-A9G5-01A-11R-A38B-07,585fcbd4-9b5a-4c22-9866-a65d3c49fb79
9993fe3c-0fa3-4f85-9898-fa915b33355d,TCGA-BT-A20X-01A-11R-A16R-07,96b63c6d-de11-4a5f-8f5d-8b8b577045a3
8f308531-401a-489f-bb4e-c764be46ef45,TCGA-FD-A3SS-01A-12R-A22U-07,791902f3-6ed2-4cc1-9d25-12b6d30c3337
a5f47880-9c7f-4a70-b29f-69c8d585a273,TCGA-2F-A9KT-01A-11R-A38B-07,dfb69646-6a71-4ae0-b300-49204a874f63
bd760014-4f4f-412c-8f82-5a30fac48368,TCGA-GV-A3JX-01A-11R-A20F-07,1f34e640-8f84-4789-9878-35252fac563b
4a1c4fb5-c044-48ef-b199-7819a0ad1bf9,TCGA-XF-A9SM-01A-11R-A42T-07,1d34b6f5-4724-42dc-8f9e-acfe55053149
16e7c8c1-4c2e-47d2-b6d9-67e576398e6c,TCGA-DK-A6B5-01A-11R-A31N-07,67b58d86-73ae-4965-8394-ee590ae13851
3d640e45-1cb8-4810-a259-82b6aec08e18,TCGA-ZF-AA5P-01A-11R-A39I-07,c440b06e-accb-4bc7-b467-8f5d5f7f13f6
231ab503-fd49-487e-8d69-ad76c2c1b38d,TCGA-E5-A4TZ-01A-11R-A31N-07,c06cfbce-36eb-41d8-a4e6-b833a768bf72
fd9d5656-4a5f-4558-9a9f-d4d282a487f6,TCGA-DK-A1AB-01A-11R-A13Y-07,eda1dfaa-2be5-4209-9489-f98f22a721e6
30330933-d917-40f4-b83f-a3dc58a45f90,TCGA-UY-A9PA-01A-11R-A38B-07,a2c33b8f-89d0-4639-97be-cd5ff08cfcca
bc9735bf-dfd2-47f2-8385-36889281bb55,TCGA-C4-A0F6-01A-11R-A10U-07,63251856-dd47-4dd8-83c8-b32341f38a09
c31b8279-34d2-4b61-b0a5-d98cacd41539,TCGA-DK-A1AA-01A-11R-A13Y-07,228c8b47-425d-457e-aab7-1a3a56eecf81
6547dc51-a674-4391-a293-1d4bb64b2ceb,TCGA-UY-A78L-01A-12R-A33J-07,19c8f8bc-4872-472b-bc5e-e7bba2c8c8d9
b979cdc7-8659-4170-a1cc-3c96d546e1f7,TCGA-GC-A3OO-01A-11R-A22U-07,644cf95e-5894-49a2-9819-b2fe2f4a48d6
e7a69fd0-2898-40f1-859b-769473b76763,TCGA-XF-AAML-01A-11R-A42T-07,b359ad11-e267-4975-832a-9b01ac41748f
4f1e0c49-860c-430a-a7bd-d0df6db7a4ab,TCGA-E7-A85H-01A-11R-A352-07,c778d7bb-5983-41d3-a027-0dea74ec1d42
ca434ee3-d101-435e-b468-896dfbc526a5,TCGA-YC-A9TC-01A-22R-A39I-07,cf234741-ff22-43fb-a3e9-6152ed44fa04
7d810229-fa70-4df1-88d6-82e40618ec81,TCGA-GC-A3WC-01A-31R-A22U-07,a82fb2e2-084d-40ec-be8d-cdcd2b8ce210
3c41e321-ed8a-4a67-ba0d-85221b881e95,TCGA-XF-A9T2-01A-11R-A42T-07,fae10a9b-815f-4476-8786-1e5f254f2fd8
60ee6810-7016-4399-84b7-09eba7d41134,TCGA-DK-A6B0-01A-11R-A31N-07,09f31b55-df37-4673-8a8c-bde9bc8780c4
f5bd4e04-560d-4191-974c-4f641cc476d1,TCGA-4Z-AA81-01A-11R-A39I-07,cc95b94c-dde2-4842-bce3-6a6edbbd51b8
f1a33bbe-b69b-46a3-8853-24bdd8795b27,TCGA-G2-AA3F-01A-12R-A42T-07,b1817d4f-8e86-4cff-8a46-3aec7bb72ac5
8ce26891-e600-441f-aa13-4701aef0608c,TCGA-BL-A0C8-01B-04R-A277-07,1861a0d6-a59f-46e2-a246-409c15cee249
577680c1-5559-44b3-a2f2-29726f4f4da6,TCGA-XF-A9SV-01A-21R-A42T-07,93f66217-b4e4-496d-bf02-532993d1df76
058a74ea-89cf-4bb1-921a-29717f6329cf,TCGA-FD-A3B4-01A-12R-A206-07,35828f25-be44-44d7-a466-cce54792d844
765c431f-e441-45dc-874c-4f663eae4141,TCGA-GU-A762-01A-11R-A33J-07,c54f46b6-eebf-4433-8e61-699fd37ed65f
6d891864-fd6d-4e66-80ea-71518c3c23bb,TCGA-FD-A62N-01A-11R-A30C-07,cf1e6b12-16de-4369-a126-bdb2c1157253
623461b6-855a-49d6-b85f-5cb12a4af670,TCGA-DK-A1A5-01A-11R-A13Y-07,5f336ff1-58c4-41c2-9126-028e85625323
1307261a-0580-475f-a667-51dd4cb0c091,TCGA-XF-AAN5-01A-11R-A42T-07,221d8be5-3453-4dea-bc8e-8b26590af384
e393e22d-9228-48b7-9fc4-7edd19b80d10,TCGA-GV-A6ZA-01A-12R-A33J-07,9b5c041c-808e-4415-bbbe-925374a9a6de
ebac7c10-f048-4b81-8c5c-17b3889cefc9,TCGA-4Z-AA7M-01A-11R-A39I-07,ec953c16-cb72-46b4-8412-9aeb608f806f
4cbb4bf8-7a71-4a14-ace8-d76728b3e214,TCGA-FD-A6TH-01A-11R-A32O-07,53c7eb29-a55c-440a-bf88-12f3268f1dab
36811ec0-fa05-4835-98b5-951e72f2571e,TCGA-GU-AATQ-01A-11R-A39I-07,fc1fa67c-96a4-48de-8e77-d7049f3c43bf
0f2370f0-3cc2-472e-bc33-2e8c259318a4,TCGA-XF-A9T5-01A-11R-A42T-07,ff5f35b4-4bec-4e50-a3fc-09e321450b8d
62c3571c-c7c4-4603-b5de-60233dbf401e,TCGA-S5-A6DX-01A-11R-A31N-07,e3bc44df-b148-416a-9164-555cdad11e9e
0069d053-c644-45b8-81f5-ac3a00edfb95,TCGA-DK-A3IL-01A-11R-A20F-07,7fc94af7-c0cd-4332-843a-bf9ab7043518
545434eb-a4ea-4a83-a620-e428ab8d73af,TCGA-DK-A3IQ-01A-31R-A32Y-07,671ab3b0-b5ce-4c43-bd3f-745f3198e4b5
f88da856-c5a8-4e36-979a-537607f1b702,TCGA-CF-A1HR-01A-11R-A13Y-07,0caba747-5ec1-41b4-89a2-de6d9c858d6e
8c2dee40-b1c1-41f2-b6d7-dd473bea5493,TCGA-FD-A62P-01A-32R-A30C-07,4cf6c964-983f-420f-8ace-2945e59c084d
2839986f-73e0-4c57-9091-7dacde59ab25,TCGA-GC-A4ZW-01A-11R-A26T-07,6f2fa660-867a-41eb-8e3d-dda54a5bbebf
2cdfe182-0e80-4faa-a8de-87eb58032383,TCGA-ZF-A9R5-01A-12R-A42T-07,fecec8f9-43ca-49dd-a097-ecbf43930262
79887425-d8ef-4122-b51a-842a421364af,TCGA-4Z-AA87-01A-11R-A39I-07,3a1c1026-5fe6-41be-9a96-19e027e62ba3
b6e2d6fc-da10-4a47-89c0-b81ba94a2988,TCGA-E7-A6MD-01A-41R-A352-07,02174afb-00e1-4165-84d5-28168b9f3f1e
ead30d33-9f9d-4f8d-a66f-9786e3d04b65,TCGA-XF-A9T0-01A-11R-A39I-07,8e22ab31-4c59-441b-adcb-606e427fcabf
453e609e-7030-461f-8e75-3417ea434459,TCGA-K4-A5RJ-01A-11R-A28M-07,0bc48c4c-23b3-4da5-baa5-dc81d04615ba
d131fec6-cc65-481b-9b10-e812dca128de,TCGA-GD-A3OP-11A-11R-A220-07,06cd399b-c3d5-44fc-b0be-f3fe0b866efd
a7b3d691-1b79-45d1-b444-1d78d6331a74,TCGA-G2-A2EO-01A-11R-A180-07,fef523e4-84c4-48f4-ad64-d22ee36d5067
57ef229f-0583-4286-b03e-8673b5b227a3,TCGA-GC-A6I3-11A-11R-A31N-07,9c2445fd-9d85-4505-8655-fae28c5b7afa
3632f2e2-89bc-4b56-b41e-3cbe9869327c,TCGA-GD-A3OP-01A-21R-A220-07,c4e7a661-1fd3-4e79-9ee2-c0b2ae517104
0e88d839-28f5-436b-acd1-81ba4a797e35,TCGA-CF-A47T-01A-11R-A23W-07,c8b2a46f-d2b2-4c5e-b2ea-eb4d99d243ef
4d62db96-ce8e-45a1-9854-df5efa4e40a6,TCGA-BT-A2LA-11A-11R-A18C-07,74873f93-be1a-433c-897d-b29acb80fea6
7997e580-ff2f-46f0-974a-8537cf309a96,TCGA-ZF-AA53-01A-11R-A39I-07,85fb1e44-c0b4-4057-888f-857d8e7c249d
6d41db6d-2437-4180-85a7-de80633ac5bb,TCGA-GC-A3WC-11A-11R-A22U-07,e2afa42f-f57b-44db-a819-da5c54742c78
e7687430-5fda-4f39-b95c-fabe0f0a9a63,TCGA-FD-A3SJ-01A-12R-A22U-07,8e302c11-09eb-4014-88a6-300e76d5293d
59e853a6-a6d5-4838-8d91-86b2d948a5d5,TCGA-CF-A47W-01A-11R-A23W-07,b7ad37f8-3647-4439-be16-3edeb1dd312e
35669d20-e4c7-4575-89e9-efcab2f74a68,TCGA-YC-A8S6-01A-31R-A38B-07,f15520b8-de76-4714-a084-ebf421b79b38
0dd5fa83-3ef3-4d22-9907-24463755c3c4,TCGA-G2-A2ES-01A-11R-A180-07,60b9ff9c-7520-4ae7-aff5-6bbabf75a720
86ded69a-167f-45be-8022-c7f53c28637c,TCGA-GC-A6I1-01A-12R-A31N-07,c8dd28fc-2b7e-4ba8-85c7-f4d360d90f8c
cea07321-ed0f-4496-9332-552ba64ae0d3,TCGA-FD-A3B3-01A-12R-A206-07,f5764d45-8dae-4fd4-b822-36805f895d2d
459ce800-7bab-428d-aeff-323609e11707,TCGA-BL-A13J-01B-04R-A277-07,2b94e9e0-1b78-4a04-b527-2b26b1ed9786
e329f29a-0dca-4b1b-b6e0-7a7c8234f4d2,TCGA-CU-A0YR-11A-13R-A10U-07,ef9c03f4-a7f3-4dae-a199-54dcb363467a
67d1b726-211d-4836-b274-dbe4a00baa29,TCGA-GV-A40E-01A-12R-A23N-07,60ad95d0-8a0a-46d0-9049-17c4c539c6f0
2e69ad66-02f4-44e9-9ab5-c721c072379a,TCGA-ZF-A9RM-01A-11R-A38B-07,9fb269fe-5824-4846-b1ff-3a97d9058f1f
3d6caf8d-c392-4f3e-9cee-f42ba3288527,TCGA-DK-A1A6-01A-11R-A13Y-07,e701f5f2-a2e0-4c7a-8576-4bf9192c6ddd
225bbafe-27b6-4922-8d84-a11873a05774,TCGA-DK-AA6Q-01A-11R-A39I-07,1618b29d-c53b-47c9-88df-8ae781d82eb3
6ff45346-35de-4971-874c-1d96f5f70f01,TCGA-FD-A6TF-01A-52R-A32O-07,db76b36f-3d71-487e-b79f-264a46b17741
2a03abac-f1a2-49a9-a57c-7543739dd862,TCGA-GU-A767-01A-11R-A32O-07,a5d86cde-32ca-4ed6-b1a5-5a47575f2ac6
06cf1614-52d7-4c9b-9782-72f56c394d8f,TCGA-XF-AAN8-01A-11R-A42T-07,fccca29a-f137-4d50-8469-8e8497f90b7a
6f6faf25-a173-4ee3-9f58-e02f4992e078,TCGA-FD-A5BU-01A-31R-A26T-07,b392e959-fae8-493d-b55e-7149ce9bfe4f
03d365ac-2449-415a-a784-cf6efd95a2f7,TCGA-KQ-A41R-01A-21R-A352-07,34a983f7-aef7-4fe5-bdf7-947702277eb3
