"","ensgene","baseMean","log2FoldChange","lfcSE","pvalue","padj","symbol","description"
"1","Charlie20a",125.992897775664,-2.27532459613449,0.167875231508643,1.30341983832704e-42,3.16339994761972e-39,NA,NA
"2","MSTA-int",1284.98676105088,-1.40965955659714,0.105505408675767,1.28298842950092e-41,1.55690645919937e-38,NA,NA
"3","Tigger12A",44.5957842526953,-2.55784002828398,0.200976812966783,6.73289525098848e-38,5.44691225804968e-35,NA,NA
"4","MER77B",205.628571731927,-1.37783588071677,0.1096707075263,3.3635636509467e-37,2.04084224521191e-34,NA,NA
"5","LTR38B",112.443497376754,-2.72912740482222,0.229860382237095,4.37010006343689e-33,2.12124657079226e-30,NA,NA
"6","(CATT)n",8.9725520297482,-2.96240994051597,0.253366822725916,2.24028121026974e-32,9.06193749554109e-30,NA,NA
"7","Tigger2a",531.258759859512,-0.852750958451227,0.0822375268060806,3.04523482212535e-26,1.05582641618546e-23,NA,NA
"8","MER20B",335.258916943037,-0.688374801362327,0.0673840024894867,3.73079257515037e-25,1.13182919748624e-22,NA,NA
"9","L1ME3C",307.824435057759,-0.809361399655684,0.0803581635749345,1.24759767342087e-24,3.36435505932494e-22,NA,NA
"10","MamGypLTR1d",76.3930187302461,-1.24500547284188,0.12934804128529,9.41345578808211e-23,2.28464571976753e-20,NA,NA
"11","L1MEa",83.3525690068795,-2.24664161752973,0.26019572487541,1.36085680436014e-18,3.00254496743823e-16,NA,NA
"12","(AATATA)n",1.78303473383654,-2.6208430939379,0.318872844117632,1.35844056066297e-17,2.74744603394087e-15,NA,NA
"13","MER135",30.1175221234417,-1.68906077341281,0.204476462286417,1.77935610363815e-17,3.321920971946e-15,NA,NA
"14","Ricksha_0",76.1854605903494,-1.23352680876861,0.150196371065555,2.83216958546591e-17,4.90976827423269e-15,NA,NA
"15","(ATTC)n",4.04561846285397,-1.92204240799769,0.240864351730725,5.73151113921118e-17,9.27358502324369e-15,NA,NA
"16","HAL1",3175.93506402712,-0.408565491294977,0.0496010906664942,8.76589347957759e-17,1.32967646718343e-14,NA,NA
"17","(GCCCCCT)n",2.63990709112983,-3.00456735602634,0.373026600019629,9.70969423011606e-17,1.3862016409701e-14,NA,NA
"18","UCON71_Crp",10.0027795009503,-2.11155389805977,0.266960871445759,3.01643519120788e-16,4.06716011614529e-14,NA,NA
"19","LTR107_Mam",29.1352545739524,-1.0587355803402,0.142001354555343,7.20471597544806e-15,8.32659317733926e-13,NA,NA
"20","LTR41C",107.347315585724,-0.790970061134091,0.10445307771928,6.96469611345526e-15,8.32659317733926e-13,NA,NA
"21","LTR52-int",24.5979576315442,-1.40781697231073,0.187666198672864,6.77933015723363e-15,8.32659317733926e-13,NA,NA
"22","L1ME3B",1678.64173561013,-0.419925242642921,0.0554367712109423,1.25246622890993e-14,1.38169797162018e-12,NA,NA
"23","MLT2C1",247.476223286808,-1.01940311942052,0.13902448254339,4.44640573010434e-14,4.69192465520141e-12,NA,NA
"24","HAL1ME",640.576236004953,-0.538652799448175,0.0737975981768855,7.66188706092741e-14,7.74808329036284e-12,NA,NA
"25","Tigger17b",37.5503200790016,-1.04118960045928,0.146000088848346,9.34626209900932e-14,9.07335124571825e-12,NA,NA
"26","Charlie5",392.514897957118,-0.981691092221399,0.137060553324691,1.76014377117254e-13,1.64302651255221e-11,NA,NA
"27","(TTTCTC)n",2.25307910453742,-2.02706400038329,0.29255196253746,4.18485812647698e-13,3.76172247146653e-11,NA,NA
"28","LTR79",196.116515817595,-0.559189481738609,0.0796666714808435,6.05713395073598e-13,5.25023717801294e-11,NA,NA
"29","(TGAA)n",149.604742226158,4.11311735290821,0.642359444266693,7.86297249785989e-13,6.58049456976068e-11,NA,NA
"30","Tigger11a",39.2700066189913,-0.976659719341265,0.142203896082119,9.72426642452953e-13,7.86693153744439e-11,NA,NA
"31","MER41-int",540.018118961176,-0.943170606637708,0.138481265991659,1.94202978312764e-12,1.52042138182283e-10,NA,NA
"32","LTR81A",51.3984562321301,-1.02827910122706,0.151724583316129,2.04700519577893e-12,1.55252550317359e-10,NA,NA
"33","(TA)n",134.831159898662,-0.958562727026231,0.141953057636282,2.75428851479035e-12,2.02565400769581e-10,NA,NA
"34","(TCCT)n",31.7600440509073,-1.05739093105505,0.159615165943209,5.39600250394399e-12,3.85179355208002e-10,NA,NA
"35","(CAGGTG)n",1.64180361860409,-4.52549545203176,0.66048960040204,5.58790524208293e-12,3.87481314929579e-10,NA,NA
"36","LTR108a_Mam",335.624441536123,-1.8726777154691,0.282670206588619,6.81529633964693e-12,4.59464561564531e-10,NA,NA
"37","(GCCCA)n",2.29955901792171,-2.81485242810593,0.441174837535584,5.01075033126525e-11,3.28678136594075e-09,NA,NA
"38","L1MC1",3349.57108942826,-0.314240246633675,0.048183196462035,5.21759400045317e-11,3.33239490502628e-09,NA,NA
"39","MER4A",597.233681609856,0.6894439283413,0.109960713079911,6.70302988366031e-11,4.17134705837015e-09,NA,NA
"40","LTR7Y",2119.12430758148,3.52655385546434,0.569454057624544,9.43179941952681e-11,5.72274429779789e-09,NA,NA
"41","UCON8",10.4116865903396,-1.26941405114206,0.207599888140826,1.01085734302484e-10,5.98378236956411e-09,NA,NA
"42","(TAAT)n",1.51300253235855,-1.97251103890577,0.32955081485899,1.28286582365619e-10,7.41313179527044e-09,NA,NA
"43","(GCCCCA)n",374.476071439902,3.20964943336892,0.577520512688578,1.65838421620882e-10,9.36022905288097e-09,NA,NA
"44","L1PBb",115.491091975705,1.13658911532835,0.190245308020194,1.90427457941773e-10,1.05038054641974e-08,NA,NA
"45","MER51C",103.679247729914,-0.91236791829962,0.150553088596401,2.52464820077737e-10,1.36162692961926e-08,NA,NA
"46","MER51B",154.899764993774,0.697114785717546,0.11530972354118,3.18300294574467e-10,1.67938003246137e-08,NA,NA
"47","(CACA)n",26.6813662920195,-1.13344743236611,0.192171221556888,4.82782638297196e-10,2.4930073683985e-08,NA,NA
"48","MLT1E1A-int",19.8241073860219,-1.04828587595902,0.179231391195754,5.64763461899442e-10,2.85558525422906e-08,NA,NA
"49","MER124",46.581427246046,-1.53772795205895,0.260431840449001,6.01648085397576e-10,2.97999980257126e-08,NA,NA
"50","(TGA)n",14.6628007214127,-1.33582543259898,0.229198581950438,7.23572061479051e-10,3.51221878641932e-08,NA,NA
"51","MER91A",125.774418987724,-0.494656424376443,0.0824156686150891,7.76896505678559e-10,3.6971133711409e-08,NA,NA
"52","MER52C",577.33044916046,0.969280095833273,0.170906869423534,1.14952896993325e-09,5.36520540389998e-08,NA,NA
"53","L1MEj",194.141601459001,-0.526935803177747,0.089687215477839,1.48348864887641e-09,6.79325839777935e-08,NA,NA
"54","MER57A-int",815.801426351229,-0.851121347511365,0.146870822510019,1.823001000342e-09,8.19337671820376e-08,NA,NA
"55","UCON44",45.8364133028686,-1.02506273991208,0.18252505718733,3.0760628485432e-09,1.35738264243897e-07,NA,NA
"56","(GTAT)n",5.98618553463207,-1.76876209506214,0.318191195473739,3.14240583605408e-09,1.36189624358987e-07,NA,NA
"57","L1PA2",1899.78110027535,1.20393542789096,0.222420317367885,3.31760522408118e-09,1.41260138225351e-07,NA,NA
"58","L1MB5",2822.66155160482,-0.419640067923794,0.0728957861344689,3.46438637097003e-09,1.44966650385246e-07,NA,NA
"59","LTR5A",626.573610113829,-0.86467963564683,0.153390117391431,4.31778344544737e-09,1.77614583425437e-07,NA,NA
"60","MamRep488",13.499328018685,-0.842955941529859,0.153426644776009,7.61747748651169e-09,3.08126964329398e-07,NA,NA
"61","HERV9-int",403.342956473776,2.02541686403453,0.400966094076503,8.1130673238218e-09,3.22793678605172e-07,NA,NA
"62","LTR25",389.806683212943,0.918629922200646,0.172387765686593,8.58090298343982e-09,3.35900831303362e-07,NA,NA
"63","L3",3482.68987346836,-0.283065485722631,0.0498334957497582,9.24872265673186e-09,3.5629602996648e-07,NA,NA
"64","LTR6B",355.752262291933,1.23900679214164,0.24156186062492,1.40938954999817e-08,5.34466943413367e-07,NA,NA
"65","(AACAA)n",12.4618193668672,-1.07930058475581,0.205262229661118,1.70367473820044e-08,6.36125936863456e-07,NA,NA
"66","MER81",83.5476866890719,-0.639759485029195,0.118500709673277,1.73195734791033e-08,6.36887952027026e-07,NA,NA
"67","SVA_F",1855.83987491881,0.529628707637895,0.377158714551925,1.88510012387982e-08,6.82856418008406e-07,NA,NA
"68","MER112",420.095111415925,-0.462101278654882,0.0846714027121771,2.12882270168131e-08,7.59801867203021e-07,NA,NA
"69","L1HS",449.496702081692,1.21283722729827,0.241438441081097,2.37728236006869e-08,8.35798713226067e-07,NA,NA
"70","MamSINE1",311.490711550949,-0.443097220034276,0.0811113218104993,2.41062669657292e-08,8.35798713226067e-07,NA,NA
"71","MLT1E2-int",81.7713385636754,-0.87570287125983,0.165947994603792,2.464948029583e-08,8.42595615182807e-07,NA,NA
"72","MER58B",579.117216998954,-0.362604978532473,0.0666484463554848,2.64952594809783e-08,8.93111038337977e-07,NA,NA
"73","LTR48B",1854.04283088503,1.40633122613201,0.282914957607209,2.74473751342198e-08,9.12531225352759e-07,NA,NA
"74","MER9B",76.4658981432939,1.59181844019005,0.322927056771281,2.9017820337973e-08,9.51706080544062e-07,NA,NA
"75","(CTCAG)n",1.55838469930382,-2.29021276682017,0.452770859299078,3.15202732718674e-08,1.00210992290668e-06,NA,NA
"76","LTR3A",554.997857072673,1.76941610538541,0.365593482796541,3.17933514890048e-08,1.00210992290668e-06,NA,NA
"77","MER50C",23.3776711814769,1.71540668009319,0.351588245961229,3.1130361039151e-08,1.00210992290668e-06,NA,NA
"78","LTR16A",630.954316544476,-0.543627539708115,0.102355877441509,3.89161613017438e-08,1.21089132665811e-06,NA,NA
"79","tRNA-Ala-GCG",1.18005139744997,-1.89944664088741,0.382306300249416,4.24441943153806e-08,1.30395012156239e-06,NA,NA
"80","(G)n",6348.72145924255,3.42167308537845,0.768579171652538,4.75465535395822e-08,1.44244356800707e-06,NA,NA
"81","MER51A",595.38958085036,0.772003518191072,0.151965940047637,5.90147171437214e-08,1.76825578404706e-06,NA,NA
"82","(CTGCCC)n",2.3640981292557,-2.01793570780916,0.401391173302466,6.70850786873546e-08,1.98555470700255e-06,NA,NA
"83","(TTTTATA)n",3.7481482957756,-1.18998482409965,0.241769580251553,6.81274061672991e-08,1.99211102130163e-06,NA,NA
"84","MADE1",82.6666478577051,-0.650472314336837,0.127505711555764,9.16215729865516e-08,2.64720901950429e-06,NA,NA
"85","LTR1D1",104.327542533788,0.903611677472648,0.165600694261065,9.39002245211075e-08,2.68112758720856e-06,NA,NA
"86","(CTGA)n",0.705440571101063,-4.73723080123421,0.875921041503099,1.29529139617245e-07,3.65543281222156e-06,NA,NA
"87","Charlie15a",207.577974507089,-0.475226496650093,0.0931890941155923,1.31570332914886e-07,3.67035859752218e-06,NA,NA
"88","Charlie17b",78.6713420060524,-0.645916874677324,0.12855119609502,1.39406136007605e-07,3.84475786466428e-06,NA,NA
"89","(GAGCTG)n",0.465148160671041,-2.87453605400246,0.565740921510098,1.62863586371454e-07,4.44123510251144e-06,NA,NA
"90","MER4A1",675.935167949883,0.539273563452612,0.108286069707431,1.73227021556331e-07,4.67135534796905e-06,NA,NA
"91","LTR27D",34.5573900784081,1.52054268475306,0.333069258817751,1.79910969314218e-07,4.79828486291875e-06,NA,NA
"92","MER4B-int",364.102287760603,0.718689022082393,0.148011119898732,1.87525133301893e-07,4.9469945491706e-06,NA,NA
"93","MER34A1",163.595516198169,0.816161669419778,0.1703298047444,1.94775819956626e-07,5.0830205917713e-06,NA,NA
"94","(C)n",63.7377553579372,2.936261893067,0.694583809388336,2.03075218651941e-07,5.2432293156198e-06,NA,NA
"95","L1ME3",1614.38725839633,-0.288668614357193,0.0567519068925497,2.11358601527584e-07,5.39965606218364e-06,NA,NA
"96","(TATCATA)n",0.448845618895909,-2.61122739960192,0.539215303788624,2.26210660630718e-07,5.71888826407034e-06,NA,NA
"97","Tigger13a",361.946921016956,-0.330688913214305,0.0653129400989963,2.7155452336164e-07,6.79446214637835e-06,NA,NA
"98","LTR75_1",65.0385936424293,1.03374450467496,0.224774280425541,3.06020856319222e-07,7.57870018659951e-06,NA,NA
"99","(AGGCAA)n",0.662559212481292,-5.06491809021318,0.931727725285604,3.47291255440732e-07,8.51389774701672e-06,NA,NA
"100","(TGCTTTT)n",0.835214310486034,-2.01055287080065,0.437721501704561,3.68628613929221e-07,8.9466164600622e-06,NA,NA
"101","LTR8A",499.380594345612,0.570999055931101,0.118840321347328,3.76952651445596e-07,9.05806024810358e-06,NA,NA
"102","REP522",118.088899277652,1.74134770317024,0.408628469292284,4.59065781741259e-07,1.09230652184905e-05,NA,NA
"103","(CCCTCCC)n",1.29980792148707,-2.42943836194085,0.524917203883445,4.82998276106353e-07,1.13809399622342e-05,NA,NA
"104","(ACACACC)n",0.435113509928313,-4.92315169652321,0.867998299798933,4.9309580551497e-07,1.15071492306234e-05,NA,NA
"105","HERVE_a-int",927.463478369661,1.37490243814466,0.318651236253894,5.43152866447523e-07,1.25545905416013e-05,NA,NA
"106","(TATGTG)n",1.94412699052232,-1.3475427265134,0.293167509137274,5.5312617052655e-07,1.266450203649e-05,NA,NA
"107","MER67A",93.3211607492275,1.19420899398435,0.275288169930249,6.9764973376779e-07,1.58242607836862e-05,NA,NA
"108","L1MB1",1452.90780083486,0.492742940496029,0.103434692887083,7.26492944841899e-07,1.63259108993638e-05,NA,NA
"109","(GCG)n",24.2567911850699,-1.18244667165477,0.259493467718799,7.65634021615504e-07,1.70476492702828e-05,NA,NA
"110","MamGypLTR1c",69.0044718655791,-0.530959661295597,0.112200775175775,7.95678091249645e-07,1.75555520678444e-05,NA,NA
"111","(ACCAC)n",18.2746734109123,-1.12563100811184,0.250720306137328,9.81573149735362e-07,2.14619642739434e-05,NA,NA
"112","(CA)n",527.418769479802,-0.678145942240607,0.146020217177235,1.00901440250447e-06,2.18649817399853e-05,NA,NA
"113","(CCCTCA)n",3.83052783859718,-1.3100167125343,0.298969332125806,1.04542511285774e-06,2.24535110522632e-05,NA,NA
"114","MSTC-int",29.0510846255382,-0.729994322045772,0.160282555428391,1.09583679957332e-06,2.33297887067057e-05,NA,NA
"115","SVA_D",5821.75455778667,0.532427793098165,0.24390024516451,1.23310348011129e-06,2.60238447498269e-05,NA,NA
"116","HERVK11D-int",180.549863302003,2.34903698605136,0.612086440507614,1.37638176707962e-06,2.87972288681228e-05,NA,NA
"117","LTR70",257.533835522882,0.989132616890061,0.232255611113445,1.4102963094422e-06,2.92546080599677e-05,NA,NA
"118","(CCTC)n",11.2764324731321,-0.972704011676074,0.222434212001916,1.45353317496705e-06,2.96447480306305e-05,NA,NA
"119","HERVK9-int",949.78178833774,0.861504511108501,0.198994598912237,1.44855499690396e-06,2.96447480306305e-05,NA,NA
"120","L3b",501.857580623239,-0.334221065609555,0.0706892010132192,1.50298759514763e-06,3.03979241118607e-05,NA,NA
"121","L2a",21967.2798758466,-0.160119722966864,0.0337968413862453,1.57808001907002e-06,3.16528942668011e-05,NA,NA
"122","(CCCCT)n",6.668218062698,-1.23047788756924,0.281276437592977,1.5962835513019e-06,3.17555752377845e-05,NA,NA
"123","MER52A",580.194265029037,0.632782070245112,0.142961839258942,1.95689664119418e-06,3.86129117738071e-05,NA,NA
"124","MER6A",184.042561546623,0.505164473544079,0.111869447639518,1.99861328030211e-06,3.88050754503457e-05,NA,NA
"125","U3",1920.91664051545,1.14988667183694,0.545305781412947,1.99485759471568e-06,3.88050754503457e-05,NA,NA
"126","LTR21B",51.4225369385584,1.59815231732358,0.404072993613462,2.05980529388749e-06,3.96757733989281e-05,NA,NA
"127","LTR2752",123.993682313519,1.11953785802673,0.272116615483476,2.14035944858081e-06,4.09027746590993e-05,NA,NA
"128","MamGypLTR2c",102.538592138783,0.857279580617378,0.202022717170917,2.20404177970677e-06,4.1466739529832e-05,NA,NA
"129","MER70B",92.2053633227604,0.802342873873126,0.185396158417001,2.18762088517047e-06,4.1466739529832e-05,NA,NA
"130","LTR7C",453.047554577232,1.00785331526551,0.243609887185176,2.5144148602411e-06,4.69421912754242e-05,NA,NA
"131","LTR27B",35.2411316836827,-0.776376670341644,0.178180872577155,2.58606295875223e-06,4.79112580220738e-05,NA,NA
"132","L1MCc",284.247737227056,-0.44753162333456,0.0989993440256311,2.65165324986995e-06,4.87542608896542e-05,NA,NA
"133","(ATTAA)n",0.704972902823121,-1.70443608355768,0.418774534409938,2.8896825150435e-06,5.27312741654931e-05,NA,NA
"134","LTR82A",321.974376533785,-0.995131405303848,0.232335470137803,3.43081973614844e-06,6.21388022360617e-05,NA,NA
"135","LTR33B",168.696156211982,0.478758576813861,0.108958345576396,3.95165002735314e-06,7.10418860473043e-05,NA,NA
"136","LTR26D",73.9998242097776,0.797331874956616,0.192843363872012,4.15317716410999e-06,7.41158895389333e-05,NA,NA
"137","(GGATG)n",0.850805165777152,-1.76898514366534,0.426207260300474,4.39229715370993e-06,7.78109868033139e-05,NA,NA
"138","(GAGACA)n",5.00392739087547,-1.10864338252382,0.271766969091139,4.6858528859836e-06,8.24098909730595e-05,NA,NA
"139","ACRO1",40.0878752789781,0.253509270016457,0.350350269710404,4.90618966902177e-06,8.56641894008333e-05,NA,NA
"140","MER44D",84.4012639915457,0.535874666929752,0.125840002934853,5.01607588436293e-06,8.69572583667773e-05,NA,NA
"141","L1ME4b",3302.64297858254,-0.257067948663016,0.0573512437953291,5.44789249646382e-06,9.37732985029624e-05,NA,NA
"142","LTR19-int",98.3430088699376,1.36411561884347,0.360382678195989,5.51177100160976e-06,9.42047057810344e-05,NA,NA
"143","MLT1F",1084.13457578511,-0.324564753585371,0.072977708936535,5.61644489296144e-06,9.53224598266952e-05,NA,NA
"144","MER95",105.544189665816,0.739615666409156,0.180483634132824,5.89259107012713e-06,9.93147119944343e-05,NA,NA
"145","LTR16A1",357.480651620842,-0.472312037588903,0.108870543085716,6.19071093366265e-06,0.000103619692662064,NA,NA
"146","MER54A",256.093456141556,0.394230905990301,0.090146563587885,6.24460946201911e-06,0.000103805939481646,NA,NA
"147","(TTATTTT)n",4.26858888246251,4.34354910994985,1.26285324111159,6.33386391701785e-06,0.000103866808963529,NA,NA
"148","LTR28",22.9740040204277,1.05011745552214,0.266854695459871,6.30605197175498e-06,0.000103866808963529,NA,NA
"149","LTR57",2567.4523617184,1.56698126828602,0.426754224123791,6.52389181246995e-06,0.000106265002878286,NA,NA
"150","L1PA8",1234.49323792732,0.397119455433244,0.0908327143658568,6.61594993835858e-06,0.000107046070002642,NA,NA
"151","LTR22B1",91.7821722897739,1.67095107142843,0.345593186671094,6.89553372078734e-06,0.000110830863181132,NA,NA
"152","LTR22C",12.7020660284335,-1.06694645262823,0.263482531975532,7.6144416204635e-06,0.000121580590874111,NA,NA
"153","LTR12",498.512828358142,1.29323107247228,0.310818074403418,7.76429987244575e-06,0.000123163109741345,NA,NA
"154","L1PA14",774.333606069424,0.444000907225934,0.104751718489535,8.91670978417396e-06,0.000140525030170066,NA,NA
"155","(TCCAT)n",18.4605377936892,-1.39151518460764,0.452074058975306,9.31681231079619e-06,0.000145883248247112,NA,NA
"156","MER44C",169.457624799846,-0.418937236960776,0.0974776476209938,9.41684392954203e-06,0.000146504360365375,NA,NA
"157","HERV1_I-int",50.2689524189772,1.49769417489084,0.423496493605091,9.56192406194243e-06,0.000147813947123148,NA,NA
"158","MER131",123.690819780118,0.872914709480388,0.226054175122111,1.02026147054777e-05,0.000156719910697433,NA,NA
"159","L1MD2",2681.00919686757,-0.229575580283388,0.0528318511504813,1.07927668961363e-05,0.000164742422999515,NA,NA
"160","HERV-Fc2-int",16.0933023961986,3.99284147314522,0.898433355108128,1.2623440904042e-05,0.000191481819213188,NA,NA
"161","(TGGCTG)n",0.389399240879277,-3.08714901868674,0.71371803904571,1.32635987018376e-05,0.000199942571735154,NA,NA
"162","LTR1E",89.2857211040431,1.10436494834028,0.301798006872987,1.33465450002143e-05,0.000199951016762469,NA,NA
"163","(TGTGTC)n",3.23912043709979,-1.68828248132478,0.428674648632455,1.40859133917714e-05,0.000208454340255055,NA,NA
"164","LTR10A",1293.71021415906,1.23385297573202,0.339850104826089,1.40726333071928e-05,0.000208454340255055,NA,NA
"165","MER74B",180.857647159716,-0.445658290856969,0.107050615047381,1.41780982940272e-05,0.000208546936724872,NA,NA
"166","(TGACCC)n",5.29645251848827,-1.54026322046163,0.394066201176474,1.48169139766063e-05,0.000215707452341661,NA,NA
"167","LTR3B_",88.8379441422229,0.946566785578062,0.25340941120505,1.48967838700704e-05,0.000215707452341661,NA,NA
"168","LTR45C",155.219289902852,0.627670596179464,0.158738226484552,1.49315418184586e-05,0.000215707452341661,NA,NA
"169","(CTGCTT)n",1.16235133386746,-1.69249356417427,0.47073526505353,1.5440659948282e-05,0.000220438127614591,NA,NA
"170","LTR26C",82.882285246789,0.621981138228086,0.156382769086138,1.53788527058998e-05,0.000220438127614591,NA,NA
"171","LTR1A2",506.204723272296,0.678403695230603,0.174105063548913,1.57909701996338e-05,0.000224120963008838,NA,NA
"172","LTR39",1232.34743040119,-1.34607016251897,0.347174168507661,1.67192511300923e-05,0.000235916409841477,NA,NA
"173","MER67C",340.740294593666,0.33770535050598,0.0806204688635631,1.70274440438305e-05,0.000238876339273853,NA,NA
"174","(TCTCCC)n",3.95066335996795,-0.973930608460364,0.259810112432083,1.76709074822557e-05,0.000243677798064969,NA,NA
"175","L1MC4",6184.41552795448,-0.168629732056592,0.0405778951834277,1.76282841745761e-05,0.000243677798064969,NA,NA
"176","LTR2",800.102468076159,0.708151246100847,0.183936461040853,1.75288370557282e-05,0.000243677798064969,NA,NA
"177","MLT1G1",907.884199081474,0.130680758906309,0.0860453559126647,1.83139815663316e-05,0.000251118831985802,NA,NA
"178","(AGCAGC)n",2.83735801413246,-1.39324812409873,0.367436961777899,1.85071210807725e-05,0.000252341476758623,NA,NA
"179","(TCCATTCCAT)n",4.67004681854662,0.0745739498416164,0.328405283594693,2.06975357957655e-05,0.000280630834504596,NA,NA
"180","(TGCGGC)n",305.032331249018,-1.71406259896183,0.445118644556482,2.13172810940735e-05,0.000282918463107284,NA,NA
"181","AluYb8",91.1911862747186,-0.807057236383317,0.206868586706515,2.11779743363569e-05,0.000282918463107284,NA,NA
"182","MamRep1527",104.525393075131,0.520970628951052,0.130985556664122,2.13325417176073e-05,0.000282918463107284,NA,NA
"183","MLT1G1-int",59.0218214000408,0.89066054714312,0.24195838083442,2.11220924788968e-05,0.000282918463107284,NA,NA
"184","HERV17-int",476.957621811057,0.97259168207587,0.269956200748772,2.15336608304117e-05,0.000284033667583745,NA,NA
"185","L1M3",1270.56709535205,0.317911371488502,0.0772860874170747,2.38594717760567e-05,0.000313010475678322,NA,NA
"186","L1MCa",1037.02164396638,-0.476505212111505,0.117914801901651,2.41240478318531e-05,0.000314779914451116,NA,NA
"187","LTR7",1727.89552253589,0.940952730448883,0.261764886783601,2.42814410125259e-05,0.00031513934405027,NA,NA
"188","HERVL74-int",149.334132303077,-0.664942251785575,0.170317524728781,2.50475193590526e-05,0.000322067856187103,NA,NA
"189","U14",45.2185703786882,0.967684670361123,0.269421590572859,2.50806859577101e-05,0.000322067856187103,NA,NA
"190","LSAU",60.5278903512138,1.00550588168074,0.285274937585377,3.0419188583346e-05,0.000388565108904109,NA,NA
"191","LTR19A",520.914176341919,0.90631971340591,0.257907267150471,3.33509197411185e-05,0.000423783676501018,NA,NA
"192","(GGCCGC)n",0.371813834235343,-2.97949117054466,0.736572864629785,3.38655532606939e-05,0.000428081759185958,NA,NA
"193","(TTCCTC)n",3.19552090780114,-1.43737627600125,0.3923697930936,3.58762060041423e-05,0.000446520779343863,NA,NA
"194","HERVS71-int",285.082683716771,1.14410453108777,0.342590429374378,3.58756797550664e-05,0.000446520779343863,NA,NA
"195","L1PA15",1814.38074288262,0.379950060846765,0.0947867628097552,3.5555048024561e-05,0.000446520779343863,NA,NA
"196","(CATTC)n",10.3348453030676,-1.17993395803997,0.483253706107316,3.70682302405275e-05,0.000458553485619152,NA,NA
"197","LTR06",144.871881241411,0.953338652591034,0.27608442847027,3.72831188665397e-05,0.000458553485619152,NA,NA
"198","MER72",131.261325109718,-0.432878304677617,0.111799195170085,3.74098022878418e-05,0.000458553485619152,NA,NA
"199","(TATTAA)n",0.767241757067712,-1.59897428381562,0.444156989984149,3.80989904414184e-05,0.000464654521614685,NA,NA
"200","(CCTGCA)n",3.43718178598103,2.85893333574198,0.936590079652167,3.90113215226205e-05,0.000473402386676999,NA,NA
"201","LTR18A",32.5792010059357,1.05603435053944,0.313944331228836,4.36014878973482e-05,0.000526471697148578,NA,NA
"202","MER44B",177.472590032404,-0.365417736673237,0.0926651982212354,4.39281156895718e-05,0.000527789786032628,NA,NA
"203","LTR22A",35.5400495211116,0.84911612972343,0.188900909406267,4.652502750797e-05,0.000554228895416381,NA,NA
"204","LTR73",116.305643700988,0.469488280723774,0.123686265191879,4.65853706901285e-05,0.000554228895416381,NA,NA
"205","(GTGAGC)n",7.81024145782078,1.82336106836719,0.576555848965312,4.84532340900895e-05,0.000573639020178767,NA,NA
"206","MLT1F1-int",73.3882281019388,-0.78516832982044,0.213155721454768,5.05590877548924e-05,0.000595664592141378,NA,NA
"207","UCON5",4.13562198758895,-0.928321609236494,0.267149677638683,5.19285730286602e-05,0.000608843704060668,NA,NA
"208","LTR2B",1933.80416247088,0.875785086657098,0.25532542375116,5.32918471912843e-05,0.000621823620832918,NA,NA
"209","(ATGG)n",39.8721870398377,-0.744271752549666,0.20233436570068,5.42332588727378e-05,0.000629780475043706,NA,NA
"210","MER4E",148.150129350567,-0.34766283593714,0.0918529212958034,5.97336744636973e-05,0.000690350609159016,NA,NA
"211","MER41G",37.3120829830302,0.949680927828839,0.282448701140641,6.01907955586804e-05,0.000692336781141788,NA,NA
"212","GSATX",25.2382968862807,2.71758105464751,0.774627073518328,6.18835774489359e-05,0.000708450200323431,NA,NA
"213","Arthur1A",60.4506058402168,0.528898158963572,0.144113253556311,6.91249604539565e-05,0.00078763511277818,NA,NA
"214","LTR47A2",221.510487450142,0.858532281213798,0.256352916198117,6.96176168054431e-05,0.000789541850405656,NA,NA
"215","Arthur1",161.88352933094,-0.402082769894943,0.105903026710836,7.33435691417837e-05,0.000818611699736689,NA,NA
"216","ERVL-int",114.902555235795,-0.493806030972852,0.132029993813267,7.29675168618187e-05,0.000818611699736689,NA,NA
"217","FAM",753.430758644016,0.745423256436981,0.217165301907104,7.353001670482e-05,0.000818611699736689,NA,NA
"218","MER34",159.834177102906,0.404537769718468,0.10730077352156,7.31183229330924e-05,0.000818611699736689,NA,NA
"219","HERV3-int",613.245214423529,0.893608367151923,0.270813958256782,7.49854432520849e-05,0.000831003062889544,NA,NA
"220","UCON74",13.2783414993648,-0.62209767151474,0.172334024144865,7.54850789901688e-05,0.000832737666859726,NA,NA
"221","LTR64",76.8224124057082,0.420420010168661,0.112099238458941,7.79388995936036e-05,0.000855917236713466,NA,NA
"222","MER101B",25.7099324621752,1.26409250305358,0.409887814945053,7.96364171636681e-05,0.000870619749802804,NA,NA
"223","L1MB8",4524.20000203074,-0.185136177333023,0.0474947015025316,8.2775694684692e-05,0.000900881663675998,NA,NA
"224","(CTTACAT)n",4.13974104235057,1.46068468874476,0.439770204386194,8.36736552018378e-05,0.00090658911238777,NA,NA
"225","UCON37",2.15968031560766,-1.08904931318349,0.331793721102175,8.45501392118749e-05,0.000912014168298757,NA,NA
"226","MER9a3",318.188997705649,0.948527873971883,0.295761577876881,8.56067674318115e-05,0.000919325772376135,NA,NA
"227","LTR41B",310.207516064795,0.676654694213826,0.196075195021166,8.78461057569173e-05,0.000935098678386133,NA,NA
"228","MLT1C-int",58.5268858484074,0.461420929244362,0.124455491014962,8.75783746642898e-05,0.000935098678386133,NA,NA
"229","Charlie12",184.054913152319,-0.628844806609445,0.17509292032944,9.65569006635584e-05,0.00102333448869195,NA,NA
"230","(AGAA)n",6.44859172595658,1.75781677505394,0.388862540115328,9.88297888530714e-05,0.00104286911976698,NA,NA
"231","HERVH-int",12175.8338262977,1.47274263234679,0.4590190711484,0.00010115221255975,0.00106275506442647,NA,NA
"232","MER70A",93.6938556779297,0.418292681020024,0.114034078049736,0.000106804220070178,0.00111730104357897,NA,NA
"233","SVA_B",964.400968837235,0.251556269060966,0.166789192686172,0.000107572455481044,0.00112050793756435,NA,NA
"234","SAR",26.4119727601597,0.614163858199812,0.815261905623105,0.000108990307051716,0.00113042510775434,NA,NA
"235","(TGTCTC)n",0.603285727500988,-1.80464278956465,0.543782443215281,0.000110503024848099,0.0011364018699421,NA,NA
"236","MLT1A",1225.82814924646,0.283270878246096,0.0751366218656578,0.000110186036032555,0.0011364018699421,NA,NA
"237","HERV1_LTRd",69.095811202944,1.0057394331744,0.323052012039239,0.000115353901461463,0.0011812823580041,NA,NA
"238","(CTCC)n",11.7658956484691,-0.737169922685966,0.216192319133925,0.000116579025689602,0.00118881216533052,NA,NA
"239","HERVK3-int",1517.47877627048,1.07027474650781,0.355846515567003,0.0001200888199129,0.00121703593652242,NA,NA
"240","MER45A",157.032522095281,-0.43484605998103,0.119103915979143,0.000120851116894068,0.00121703593652242,NA,NA
"241","MLT1E3",558.02626610672,0.317007527169438,0.0852892688265146,0.000120516667760871,0.00121703593652242,NA,NA
"242","L1ME4a",3707.15828917413,-0.27016939564398,0.0726787802083853,0.000121366087695273,0.00121717146626623,NA,NA
"243","UCON80_AMi",37.7834267855325,-1.17970640910974,0.351488523696537,0.000124472943201399,0.00124319272901151,NA,NA
"244","MSTC",639.769356864154,-0.407565039875573,0.111027313540792,0.000125143725517148,0.00124476976159884,NA,NA
"245","UCON14",3.48725017856836,-1.33515906369428,0.402784645273609,0.000128285353820519,0.00127081042335673,NA,NA
"246","MER104",87.2618371057153,-0.351373894119502,0.0950640947016599,0.000128844607806239,0.00127116204530789,NA,NA
"247","(ATCACC)n",8.55446769187493,-0.994290159502414,0.303506367929541,0.000133441845965849,0.00130654653804608,NA,NA
"248","MER103C",399.475021421386,-0.263802771152177,0.0704730228827653,0.000133507845667667,0.00130654653804608,NA,NA
"249","LTR18B",244.573406743155,-0.779542520293069,0.227100615315529,0.000136007910308765,0.00132566746313002,NA,NA
"250","MER97b",49.2960322382349,-0.802159425984707,0.236017390808785,0.000137981519001276,0.00133952458646439,NA,NA
"251","MSTB2-int",24.6772338570593,1.03614137403114,0.339083465350221,0.000138555264450622,0.00133973556502653,NA,NA
"252","MER57A1",175.226424774553,0.477191035541832,0.136042880218099,0.000150157183116449,0.00144615668025247,NA,NA
"253","(CGCGG)n",0.606204134900839,-1.9228900923653,0.607396255831298,0.000151221593277895,0.00145065141061443,NA,NA
"254","MER9a1",125.9709753986,1.37273347979532,0.317103560411622,0.000154884370969238,0.00147993845804071,NA,NA
"255","Tigger3d",85.6978908866351,0.941871116455789,0.309875764698303,0.000159614094501913,0.00151915061708291,NA,NA
"256","LTR1B0",24.8195795449104,2.0999248033544,0.439976571316336,0.000167831239673916,0.00159045664712984,NA,NA
"257","MER51D",38.7438664581448,0.690102432401714,0.212801366243896,0.000168416711294754,0.00159045664712984,NA,NA
"258","MER11B",535.421220567924,0.457688690023363,0.129869974958403,0.000172745693554368,0.00162501472192422,NA,NA
"259","L1PA3",2654.14872787065,0.557517013694023,0.165225894841797,0.000177286139287851,0.00166128749054678,NA,NA
"260","Tigger14a",202.415838676354,-0.67786587971151,0.199828023006421,0.000182233141164084,0.00170107628309705,NA,NA
"261","LTR37B",107.951578512519,-0.326478359503927,0.0920891885986028,0.000186113638230259,0.00173064291181931,NA,NA
"262","MER47C",35.3152630488777,1.13735526933895,0.401459024017836,0.00018704725406386,0.00173268582295034,NA,NA
"263","(TATTCAA)n",1.39624566422938,-1.34405493742041,0.425262819977585,0.000200949066553273,0.00184039013028224,NA,NA
"264","L1MA5A",593.155752008162,-0.419380523132602,0.119250889147965,0.000200268439079414,0.00184039013028224,NA,NA
"265","MLT1A1",1237.61841767901,0.282636972439807,0.0777987661563801,0.000199550878652746,0.00184039013028224,NA,NA
"266","MLT1B",3004.54658914689,0.23604450222879,0.0642244672905741,0.000219952931027551,0.00200686377294687,NA,NA
"267","(GTGT)n",37.5209074926949,0.85056513530771,0.281169022155413,0.000229318913299408,0.00207670523349874,NA,NA
"268","MLT1H2",496.699499147833,-0.319957602125356,0.0902000413373209,0.000228843369047868,0.00207670523349874,NA,NA
"269","D20S16",128.98963620449,1.34071280286568,0.332793954696891,0.000233934792146088,0.00211063100571954,NA,NA
"270","LTR80B",33.3965208279872,0.724860472869454,0.230887551144488,0.000235564420816911,0.00211746240489867,NA,NA
"271","MER74A",182.482027541049,-0.320561667401935,0.0905067783193828,0.000245068418980621,0.00219476403271575,NA,NA
"272","(TTC)n",484.116839023217,0.419941905251904,0.546743200101675,0.000274149215597034,0.00244617700828677,NA,NA
"273","(GGATCCA)n",0.349529825936518,-2.52465168283423,0.74061370699145,0.000287481034386009,0.00255573798701408,NA,NA
"274","LTR4",557.093481685151,0.933096792231154,0.326016810485193,0.000294976374048958,0.00261280167816358,NA,NA
"275","(GGCACAG)n",63.9654799404586,1.23076888617225,0.472853590823076,0.00029673803801727,0.00261884806642878,NA,NA
"276","(GGCGCG)n",0.862898292633502,-1.28299474257697,0.462620247095634,0.000324176822792724,0.00283506676479401,NA,NA
"277","LTR12C",4708.1542841968,0.749878949408186,0.212088616087464,0.00032410523967063,0.00283506676479401,NA,NA
"278","MamRep38",174.936504282457,0.389233568044014,0.114803447387528,0.000324741887355886,0.00283506676479401,NA,NA
"279","Eulor2B",18.7113031105445,-0.777877186452387,0.248028946185537,0.000340274590026648,0.0029600230465759,NA,NA
"280","MLT1L",1540.54835541438,-0.18094230439583,0.0510586229412903,0.000341786819502198,0.00296255932475655,NA,NA
"281","AluYh3a3",104.214530932041,0.497022627849122,0.152570155571417,0.000351621707047727,0.00303696043773962,NA,NA
"282","LTR23",133.340672161753,0.657674517463102,0.215322219993021,0.000354454300575404,0.00305056945920746,NA,NA
"283","(GGTGAT)n",8.19654362756238,1.53489443324771,0.627459487017095,0.000358053670267961,0.00306360690200974,NA,NA
"284","LTR71B",63.3671098245521,-0.53167161727728,0.162735328978887,0.000358493761916261,0.00306360690200974,NA,NA
"285","OldhAT1",124.941987115655,-0.378708087009483,0.111565782252016,0.000380898054503734,0.00324364764308969,NA,NA
"286","(CCTGTTG)n",0.413917703220791,-2.02348611524205,0.635002500290858,0.000387005385543004,0.00326351349179339,NA,NA
"287","(TGTT)n",4.99747252330789,-0.693192746692529,0.223440501477629,0.000389443070087523,0.00326351349179339,NA,NA
"288","LTR10C",586.098299877884,0.92369977114816,0.338763427834756,0.000389954228520842,0.00326351349179339,NA,NA
"289","MER34C_",123.310980963677,-0.361016224531219,0.106305903663897,0.000387942205992461,0.00326351349179339,NA,NA
"290","MLT1D-int",133.632725575677,-0.626153664355316,0.195411862852628,0.000389346969511085,0.00326351349179339,NA,NA
"291","L1P4e",23.0064929538356,-0.735850007824828,0.235760719852595,0.000396871485204765,0.00329865443353412,NA,NA
"292","LTR28C",220.740139474945,0.579822274703901,0.186528160076801,0.000396179289712307,0.00329865443353412,NA,NA
"293","MER57C1",40.7430150844379,-0.67933826499013,0.215970632991524,0.000403775201173862,0.00334458161518417,NA,NA
"294","LTR51",82.40077251774,-0.453026004650138,0.137022724899474,0.000414424718193747,0.00342111833692593,NA,NA
"295","LTR71A",33.0979757031193,1.13967896103329,0.285324571597798,0.000418689965564118,0.00344461202177666,NA,NA
"296","(CCTAAC)n",12.7292740679014,-1.15001107430229,0.382363358626276,0.00042100808288129,0.00345198181470572,NA,NA
"297","GSAT",3.57961613855637,-0.0349860814894987,0.320589289322191,0.000482244586839692,0.00393154856220855,NA,NA
"298","LTR85c",46.9547928950959,0.480111871097414,0.15047140165116,0.00048273649424728,0.00393154856220855,NA,NA
"299","ERVL47-int",20.003498978346,-0.606483728175524,0.192600034534343,0.000491419414536191,0.00397616972448163,NA,NA
"300","LTR17",870.596416984095,0.783269700593979,0.273489493015621,0.000491491931332711,0.00397616972448163,NA,NA
"301","LTR1C",35.2523787263571,0.824433580296196,0.29581082549783,0.000495618455745471,0.00399623253187461,NA,NA
"302","(GTGATG)n",10.6887928433597,-0.948595028467791,0.318601137749137,0.000504923295976276,0.00405153522193718,NA,NA
"303","THE1B-int",2406.59628421849,0.281637058960855,0.0836291695756064,0.000505815892973616,0.00405153522193718,NA,NA
"304","MER57F",448.441794266529,1.02433281559736,0.402964987816862,0.000513313881173768,0.00409806838687084,NA,NA
"305","LTR84a",56.7241633928599,-0.460147169098761,0.143077212870632,0.000515391332271653,0.00410116315876492,NA,NA
"306","MER9a2",262.713576383422,0.54205018319429,0.176543401781031,0.000521414352040826,0.00413553147844145,NA,NA
"307","MER61C",38.6932046471273,0.602827313056116,0.199424646388638,0.000525483294192385,0.00415422786646553,NA,NA
"308","LTR16B",204.418270909103,-0.425171422627848,0.130559415223914,0.000533703467104054,0.00420551400864136,NA,NA
"309","L1M6",340.183424142177,-0.332080115539666,0.100392547540653,0.000560496572356441,0.00440234686443069,NA,NA
"310","(TC)n",157.281483235189,-0.445430933617509,0.138656241381871,0.000569137264230717,0.00445579400092887,NA,NA
"311","SVA_C",846.650906093162,0.205259971915494,0.20055653895439,0.000590037359266816,0.00460456807376387,NA,NA
"312","(TGGT)n",2.53356922016423,-1.05363061043858,0.376566236337662,0.000593633913975742,0.00461778688852284,NA,NA
"313","LTR61",444.627390008063,0.562407322026699,0.18726551550723,0.000597906702569353,0.00463616475123265,NA,NA
"314","L1M2a",497.842577518932,-0.487890840068273,0.153657448665625,0.000609308585053933,0.00470952845836272,NA,NA
"315","(AAGATAT)n",3.82420754345642,-0.911757758889133,0.331749389126145,0.000618947976926755,0.00476884679365471,NA,NA
"316","(GGAAT)n",13.4481907018352,-0.894730509274443,0.420832834378413,0.000660219731728698,0.00507073825603022,NA,NA
"317","(CTCT)n",47.6611981120355,-0.814624926376719,0.277337879980099,0.000674617286723823,0.00516497209740921,NA,NA
"318","MER66-int",293.809324190703,0.488890301485103,0.159968298692788,0.000681684733483046,0.00520266933384702,NA,NA
"319","Charlie1b",330.901043934474,0.322577121699365,0.0994447590867329,0.000687858062903527,0.0052333276447237,NA,NA
"320","Charlie6",216.716986670426,-0.738921818247141,0.249363292984992,0.000702068358021294,0.00530816169756287,NA,NA
"321","L1M7",280.299481309416,0.28877466006307,0.0878162765171767,0.000701304090441697,0.00530816169756287,NA,NA
"322","MER84",22.8144607894367,-0.380839712400359,0.120387502564908,0.000706654094569316,0.00532624064447121,NA,NA
"323","L1MD1",1644.13547941061,-0.211402392495532,0.0638413134211188,0.000710534962619356,0.00533891131355164,NA,NA
"324","MSTB-int",324.555598270907,-0.32135072782066,0.0988915100130154,0.00071447118206168,0.00535191839155462,NA,NA
"325","LTR12F",131.690118318212,0.477914421242189,0.156654822888226,0.000730698670906249,0.00545663284396759,NA,NA
"326","(ATTCC)n",6.81626537061514,-1.3085722160538,0.406609311097623,0.000740064720711341,0.00550962293609333,NA,NA
"327","Charlie8",1135.58230521587,-0.337269941046201,0.104739646202179,0.000783998724118521,0.00581885291570535,NA,NA
"328","(GGT)n",13.6129334431532,1.13622850094086,0.47733197788239,0.000795305164124604,0.00588477327234882,NA,NA
"329","LTR1B1",47.9107499669517,0.546396602884574,0.423141985208967,0.000807489727455232,0.00595677072502689,NA,NA
"330","L4_C_Mam",380.919646273715,-0.239561807492021,0.0730209639571826,0.000811863966644074,0.00597089044559142,NA,NA
"331","L1M4",4033.74898916718,0.176201767799939,0.0523406041335871,0.000824304911270527,0.00604407256692921,NA,NA
"332","HERV4_I-int",250.10144938728,0.653609058449038,0.236098300130384,0.000840507577227824,0.00613620612369399,NA,NA
"333","PABL_B",121.64913360006,0.816780579000047,0.318990283170147,0.000841926921792377,0.00613620612369399,NA,NA
"334","PABL_A",103.437566614267,0.539225604078317,0.184592926674299,0.000852004121180506,0.00619105988654218,NA,NA
"335","(GCGCAC)n",0.48125468044368,-1.94416745841376,0.710286977600286,0.000886734397336623,0.00640507256647615,NA,NA
"336","(TTCTCT)n",20.5258079638032,1.31190593500209,0.646888854611754,0.000884894938066461,0.00640507256647615,NA,NA
"337","(TGTC)n",1.51504979597803,-1.04777979371305,0.409624798313243,0.00089890031341572,0.00647368267258146,NA,NA
"338","L1P1",415.411260108366,0.480584419261113,0.161700131424449,0.000905894616729813,0.00650475217397413,NA,NA
"339","L1PA15-16",157.610159993513,0.470202982087673,0.157163759668802,0.00091113016202264,0.00652304691217978,NA,NA
"340","MER52D",334.543704680682,0.58205099538371,0.205663188627145,0.000924404027610152,0.00659861345591129,NA,NA
"341","MER57B1",155.13045259384,0.426586376649787,0.140549468452005,0.000930950822876746,0.00662585820270341,NA,NA
"342","7SK",78.861440424422,1.43214798588866,0.403420945085952,0.000946219198482401,0.00671483624186195,NA,NA
"343","MER77",683.328836008262,0.40234247403419,0.13069663256588,0.000952524097210383,0.00673987167326414,NA,NA
"344","HERV9NC-int",228.626057839983,1.37461636776881,0.353702860193031,0.000961600442503865,0.00678431474987465,NA,NA
"345","(TATTG)n",1.24549190800412,1.71450267920766,0.760081129960753,0.000973975671810702,0.00685170711734659,NA,NA
"346","(TTAAT)n",0.668800258579209,-1.11204110044184,0.45489874477335,0.000999041490083107,0.00698753226637378,NA,NA
"347","LTR46-int",186.705411628634,-0.647610205856823,0.223299949939744,0.00099673690370256,0.00698753226637378,NA,NA
"348","LTR53-int",290.710128082648,-0.511276269058064,0.169416639102664,0.00100782665623165,0.00700858250622984,NA,NA
"349","MLT1A0-int",186.805612118631,0.655784000477163,0.242769001147355,0.00100653371605082,0.00700858250622984,NA,NA
"350","PRIMAX-int",7.9818005343679,0.686463383473025,0.246145206532936,0.00102632257249378,0.00711681395269261,NA,NA
"351","(CCGCCC)n",2.31196168172817,-0.889203415666144,0.343021164223955,0.00103273360199926,0.00712058082969377,NA,NA
"352","(TGTCACA)n",0.354651777490319,-2.22001711188186,0.746343890117915,0.00103050884308337,0.00712058082969377,NA,NA
"353","(CTCG)n",1.14990900591577,-1.05608081314227,0.439186224225271,0.00104731729555062,0.00720067726997552,NA,NA
"354","(AT)n",86.5311031155999,-0.332141349316546,0.10643760642519,0.00111061573870351,0.00761430620856899,NA,NA
"355","LTR6A",542.805029258238,0.465725856488749,0.158179734249899,0.00115615113822131,0.00790416566891017,NA,NA
"356","(TCTT)n",76.5526344477541,0.604354338004786,0.221769374830262,0.00117923128756402,0.00802550256318206,NA,NA
"357","(TTTG)n",6.80886799000818,-0.490511891483119,0.168375334664649,0.00118051273797116,0.00802550256318206,NA,NA
"358","(ATCC)n",26.6636758787398,-0.580278016985888,0.200508453235974,0.00118791620543778,0.00803112571769597,NA,NA
"359","(TCTCTTT)n",1.07689921789635,4.60669444806321,2.28072674624827,0.00119126710274847,0.00803112571769597,NA,NA
"360","HERVIP10F-int",3278.61720421804,1.16660047035281,0.588292782815065,0.00118916796893959,0.00803112571769597,NA,NA
"361","MER92D",10.9251431263707,-0.541048331855443,0.191570729540944,0.0012206800120545,0.00819515704396637,NA,NA
"362","MLT1F2-int",54.2944201238994,-0.439655337874675,0.147068893362259,0.00122235140087179,0.00819515704396637,NA,NA
"363","MER11A",583.73181726669,0.430942796552697,0.14693413260972,0.00125094783557496,0.00836377519818298,NA,NA
"364","MER4A1_",359.183755580059,0.47654313061076,0.165912155529289,0.00126321284382308,0.00842257574713908,NA,NA
"365","(GGCGCAG)n",0.722458116617546,-1.18185366724879,0.508598327086677,0.00129242309458513,0.00859372835769348,NA,NA
"366","LTR24C",77.3738589924946,0.429536465666208,0.145890920500475,0.00129807987871074,0.00860775919571301,NA,NA
"367","Zaphod",187.99779200709,0.325042706897939,0.106819138000393,0.0013165155834643,0.00870622158329118,NA,NA
"368","(GAAGAAT)n",1.00254284914258,-1.17830268019687,0.498337305495843,0.00133201566987075,0.00876098111321495,NA,NA
"369","UCON39",29.2004233231355,0.931549235947175,0.407855200626344,0.00133071537970869,0.00876098111321495,NA,NA
"370","(TCTTTC)n",5.30452452305113,-0.784736718591421,0.295892105419092,0.00133867290341944,0.00878097063945669,NA,NA
"371","LTR34",91.377219630737,0.597397607967246,0.222858464331165,0.00135794180769294,0.00888335516784574,NA,NA
"372","MSTD",879.970999601859,0.172336294005756,0.0545663327665288,0.00140523481111154,0.0091680238886229,NA,NA
"373","(CTTTCT)n",1.57036503907168,1.4826877397002,0.688937604713157,0.00144509796596073,0.00940282242194822,NA,NA
"374","(ATG)n",12.7477936080587,-0.740555744773264,0.276632930046775,0.0014992281894841,0.00972894870555592,NA,NA
"375","Tigger17",29.4416374347616,-0.537118022973841,0.191372172402662,0.00151791007429975,0.00982391400086801,NA,NA
"376","(GAGGTG)n",3.73080589268085,-0.826471467874577,0.328574827786564,0.00153390319975344,0.00990101879202551,NA,NA
"377","(ATTCCATTCC)n",2.54391989116556,-1.10077012225289,0.611480253778605,0.00156921297232756,0.0100909100866349,NA,NA
"378","Charlie25",107.807939795363,0.353722055069527,0.11905254247011,0.00157163741769591,0.0100909100866349,NA,NA
"379","CR1-13_AMi",5.77922516777062,1.79577597768561,0.933184524358918,0.00159809854057464,0.0102337339260545,NA,NA
"380","Charlie2b",361.690201131195,0.223060630217423,0.072353286529394,0.00162907079910752,0.0103773092636062,NA,NA
"381","LTR3",149.211001636725,0.728204244979826,0.300930682368778,0.00162804916913678,0.0103773092636062,NA,NA
"382","(ACGCCAG)n",0.512865076301699,-1.65688273854008,0.656255570454884,0.0016430581283957,0.0104390106743884,NA,NA
"383","LTR16D2",62.0733401454059,1.15018158067601,0.424664177278014,0.0016657242219453,0.0105553856048596,NA,NA
"384","(TTCT)n",37.0011896978095,-0.586883355774687,0.213265763442999,0.00171108162877598,0.0108145706068732,NA,NA
"385","(TCAC)n",1.3400863897934,-0.993555351172565,0.422405813721111,0.00173264697005453,0.0109224264839541,NA,NA
"386","HSMAR2",1368.76295450035,0.319140685076957,0.106694786245538,0.0017638104151212,0.0110900722215004,NA,NA
"387","LTR26",355.208176095588,0.584203941734005,0.224673173820816,0.00178477310855612,0.011192879417224,NA,NA
"388","(TTCATTC)n",3.41298375549539,1.62907294045336,0.835199304090144,0.00182025111409218,0.0113566824007756,NA,NA
"389","LTR29",161.325236748484,0.426855900549406,0.151015631549857,0.00181627059188607,0.0113566824007756,NA,NA
"390","(AATTTGC)n",2.8583273021078,1.16859566306559,0.557386183277499,0.0018529126600532,0.0115082998624711,NA,NA
"391","(CATCAT)n",8.32742469311503,-0.791872484412636,0.301720964508499,0.00185403594817725,0.0115082998624711,NA,NA
"392","MER21B",583.276403491877,-0.167654096235305,0.0546169332001023,0.00187512778236301,0.0116095283872322,NA,NA
"393","(CCATT)n",3.03215718783336,-1.55962243096917,0.460394002809707,0.00188562328414599,0.0116448033349169,NA,NA
"394","MER115",154.274920491761,-0.286786894657936,0.0960198163932393,0.00192960002062911,0.011886140228596,NA,NA
"395","(TGGAA)n",11.2224160075996,-1.14493710397348,0.42633149102605,0.00207680700244521,0.0127605331517329,NA,NA
"396","(GCTCAG)n",6.79248997185544,1.49616831025884,1.00240206525869,0.00211714449594571,0.0129427966882891,NA,NA
"397","LTR16",212.297779084775,-0.320848587412011,0.10973428642218,0.00211867340593845,0.0129427966882891,NA,NA
"398","LTR83",51.361402725691,-0.385224577470469,0.134425147686018,0.00212246933742855,0.0129427966882891,NA,NA
"399","MER68",778.215430499942,0.29888227431011,0.101836594254117,0.00214064910871919,0.0130209408192017,NA,NA
"400","MER4B",749.47538171492,0.423078887682123,0.151578793710989,0.00215372902644742,0.0130677508679697,NA,NA
"401","L1PA17",928.537677730717,0.294323020102666,0.10053100180972,0.00220025399631481,0.0133167492495163,NA,NA
"402","L1MB4",2250.07581885829,-0.13651667702279,0.0465168470948868,0.00222839026597144,0.01345349048635,NA,NA
"403","(GTCTCT)n",1.44196669216813,-0.936181422315214,0.40509078993292,0.00223558444216358,0.0134634328564045,NA,NA
"404","LTR43-int",28.9425117578996,0.62484162239967,0.252350715071512,0.00225055474418572,0.0135200405052939,NA,NA
"405","(TAATA)n",0.697487430383053,-0.998192562781548,0.473672544961632,0.00234417650691315,0.0140476947710573,NA,NA
"406","MER34B",127.580839141668,0.435300630860579,0.159528834277313,0.00235313525742476,0.0140666484477091,NA,NA
"407","(AGCGAG)n",1.48250977107807,1.63176180821762,0.797999515794315,0.00239221378932118,0.0142651176085565,NA,NA
"408","MamRep137",254.190041525535,-0.242313197247384,0.0823522111219349,0.00247482110106342,0.0147215461085316,NA,NA
"409","HERVK11-int",267.523965859924,0.725684124539708,0.32502273390633,0.00250543593716368,0.0148672200965678,NA,NA
"410","(CTCTC)n",8.2432840288265,-0.787671982576405,0.326146442625905,0.00253403238993538,0.0150002356350565,NA,NA
"411","(TCCCTGA)n",2.06613009174061,2.68245174198695,1.13701007236574,0.00255886011068108,0.0151103491207372,NA,NA
"412","LTR80A",12.4434478660657,0.637554391035084,0.257769649168961,0.0025678114389619,0.0151264037921372,NA,NA
"413","L1M3b",201.441097968078,0.354103921504761,0.126256198741948,0.00257442625328874,0.0151286501615781,NA,NA
"414","MER47B",56.0257087284063,-0.30654917389781,0.107555514764217,0.00262312960515629,0.0153776221055901,NA,NA
"415","(CGCGCCC)n",1.83423559084707,1.64540897777296,1.01191432637948,0.00264342528500693,0.0154592606426791,NA,NA
"416","Tigger18a",111.600628500777,-0.284849261033945,0.099078377985339,0.00269002562471127,0.0156939716133996,NA,NA
"417","(TTTGCT)n",2.23376119512953,1.45623518668719,0.801248237079199,0.00273939670224786,0.0159436829648814,NA,NA
"418","L1MA6",868.103244310606,0.204711048648136,0.0702907932817574,0.00276111625926882,0.0160316487111134,NA,NA
"419","U2",78.4113536395325,4.47138148220644,0.530191376229908,0.00278581104933321,0.0161364282022236,NA,NA
"420","ERV24B_Prim-int",110.054187566707,-0.475071898879162,0.176651167023671,0.00280687945839176,0.0162197534417067,NA,NA
"421","Tigger20a",148.910193133323,-0.323679591200745,0.114578320968625,0.00282358357344406,0.0162775233556977,NA,NA
"422","U13_",8.56665783468345,-0.477056599519996,0.179366314692007,0.00283444480588544,0.0163014159807677,NA,NA
"423","MER68B",76.531124448185,0.299768625695439,0.105566852692882,0.00286634508036946,0.0164459090072262,NA,NA
"424","(ACACAC)n",3.80573243342472,-0.615166433726337,0.25305024902826,0.00291926527482183,0.0166707219341002,NA,NA
"425","LTR87",94.2557066889393,-0.308444461820909,0.107984199137595,0.00291263859351963,0.0166707219341002,NA,NA
"426","(CACAACA)n",0.830716161133889,-1.41118701595521,0.622833776621773,0.0030646081983297,0.0174596340313291,NA,NA
"427","MLT1F1",816.212892952159,-0.315433360475127,0.111096238694403,0.00307189436421837,0.0174601583652412,NA,NA
"428","LTR23-int",12.1828449876477,0.728565188156859,0.332220750999385,0.00310543624546918,0.0176095648779292,NA,NA
"429","LTR13",1405.47784756727,0.406008968061177,0.150435812254092,0.00312073159321294,0.0176550479644005,NA,NA
"430","MER21A",590.537313201568,0.268673903649648,0.0947966850231046,0.00313481686635406,0.0176934896154449,NA,NA
"431","MER87",73.6148680754943,0.530776836246241,0.213764146520311,0.00314807357119614,0.017727087139891,NA,NA
"432","Tigger5",42.4613198065285,0.386258633441203,0.14380906666697,0.00324641873790463,0.0182385608261448,NA,NA
"433","(CCCCTC)n",4.40743894493888,-0.687446630965311,0.286915607643338,0.00338366032520447,0.0188789797334238,NA,NA
"434","(TAGAA)n",1.73726785497729,-1.46489173039224,0.652882333128109,0.00337450705003592,0.0188789797334238,NA,NA
"435","L1MC5",2231.34458754788,-0.141750553586874,0.0499285078767674,0.00338374791266557,0.0188789797334238,NA,NA
"436","PrimLTR79",32.2627665005217,0.607308209177788,0.262275015752114,0.00340593632242774,0.0189591914094774,NA,NA
"437","HERV30-int",314.105510205655,1.10412226247456,0.904459084714907,0.00343647084604611,0.0190418144825432,NA,NA
"438","tRNA-Val-GTG",2.18610835159788,-0.757248779321516,0.340620633341206,0.00342933878636263,0.0190418144825432,NA,NA
"439","MER57E3",26.3803714122687,0.525158318293001,0.212031531290583,0.00352816123196448,0.0195053469475576,NA,NA
"440","LTR10F",83.5702936265249,0.539135668897785,0.178438496511057,0.00361783425464337,0.0199556448545897,NA,NA
"441","MER34B-int",926.260598154131,0.753557169634204,0.373981462945577,0.00362800377398801,0.0199663609058252,NA,NA
"442","LTR105_Mam",43.338799272176,-0.353824195180934,0.130243578460428,0.00364016160014197,0.0199879461618655,NA,NA
"443","LTR38",21.952621205902,0.468080864916005,0.183445573020917,0.00369744852494596,0.0201785215757674,NA,NA
"444","MER106A",184.671005055336,-0.387204129156883,0.144051122510898,0.00369981133136238,0.0201785215757674,NA,NA
"445","MER61B",47.5547381441832,0.411014580796732,0.15770466862011,0.00368872122004215,0.0201785215757674,NA,NA
"446","(ATATTC)n",1.03195305759602,2.79284795095845,1.36181773015164,0.00372283226263984,0.0202585513484908,NA,NA
"447","(CCAAGCCAG)n",4.4994193960538,0.10556377278203,0.32950054944807,0.00374939612575905,0.0203574595016045,NA,NA
"448","(CCC)n",3.41140188314208,-0.62896993717952,0.270698244528728,0.00382695347267715,0.0207321787459541,NA,NA
"449","UCON6",3.56469057090634,0.930782042654507,0.464404042828873,0.00396159976191217,0.0214138143032535,NA,NA
"450","LTR16C",990.544431089466,0.440797272256629,0.172343623361426,0.0039864111572041,0.0215000441745208,NA,NA
"451","MLT1I-int",74.9056115678106,0.443440221428863,0.175486755037466,0.0039990007101415,0.0215201213381672,NA,NA
"452","(ATGGA)n",10.8581383554391,-1.28273335071596,0.480042521284163,0.00405383786080915,0.0217189061549311,NA,NA
"453","HERVK14-int",386.456882151932,0.35797302076656,0.13549776800776,0.00404949673528785,0.0217189061549311,NA,NA
"454","(ATATTTT)n",0.994274475442561,-0.990881817927614,0.479493254978734,0.00407978586945094,0.0217508290150051,NA,NA
"455","(GTGGTG)n",1.98770756470792,-0.976604976519192,0.448378980660249,0.00408668233656461,0.0217508290150051,NA,NA
"456","MER127",3.98102984186368,0.897290640979448,0.438871798119423,0.00407854841708137,0.0217508290150051,NA,NA
"457","MLT1M",162.761346331885,-0.249901028331463,0.0900840680137714,0.00413588890576714,0.0219645566177174,NA,NA
"458","(CTTT)n",26.7022464812915,-0.615740152198681,0.253232411342924,0.0041625925422621,0.0220581050219872,NA,NA
"459","(CTCCCCC)n",3.04878233320617,-0.724604706395786,0.326512597365556,0.00418304778632198,0.0221182069224476,NA,NA
"460","LTR26B",21.3686492049396,0.472160808956238,0.19080992811551,0.00422572953372591,0.0222469535322186,NA,NA
"461","MSR1",800.763055573922,0.576659245773478,0.252491838531761,0.00421773525976501,0.0222469535322186,NA,NA
"462","MER70C",17.429927081361,-0.471736862359743,0.186934013277741,0.00431330682088537,0.0226588650525732,NA,NA
"463","(GACA)n",4.87291498218876,-0.679148831518632,0.291192278802459,0.0043580447595446,0.022844437648844,NA,NA
"464","LTR76",493.49824254698,0.566778661437287,0.250222667146115,0.00445362856646965,0.023295164937116,NA,NA
"465","(CAGACC)n",5.10681131624746,0.086484721115664,0.318790769135229,0.00451939906684652,0.0235377286163874,NA,NA
"466","Tigger10",215.822806758312,0.530954201838945,0.228837659816241,0.00451476416236876,0.0235377286163874,NA,NA
"467","L1PB1",3518.57106551388,0.316231730820905,0.115722395380601,0.00458726917641522,0.0238400477326761,NA,NA
"468","AluYd8",8.6331444526349,-0.619798830809532,0.266807993930779,0.00460026895076125,0.0238565229561914,NA,NA
"469","(TACACA)n",9.75994110803454,-0.777660794469452,0.348988902449044,0.00468335971697335,0.024235637597216,NA,NA
"470","Charlie9",170.904323751704,0.32774502388441,0.124701590731354,0.00471465875996277,0.0243456953413397,NA,NA
"471","(TGAGGA)n",0.500094326995508,-1.69608907205813,0.780822363243614,0.0047328546656694,0.0243877670352009,NA,NA
"472","Tigger8",60.4075381976432,0.337246050898546,0.128779132734087,0.00485040114821735,0.0249405160735667,NA,NA
"473","(GCAGGA)n",124.312680604621,-0.493099787906112,0.199403389164389,0.00503360968246351,0.0258278450303149,NA,NA
"474","MER44A",278.803181033305,-0.267920270296626,0.0999034255449213,0.00518229422841114,0.0265346584226874,NA,NA
"475","MER119",118.460377865512,0.458059079062057,0.191568742672202,0.00525391922626335,0.0268447620255603,NA,NA
"476","(CCTGAT)n",4.21553534097555,1.18330708438336,1.36902558516222,0.00527535031266108,0.026897636993337,NA,NA
"477","MER90",172.951948181388,0.483773026818976,0.206581710377368,0.00536117570630181,0.0272779317383533,NA,NA
"478","Tigger4a",245.895603934777,-0.250008471923018,0.0933248581566928,0.00555443863829075,0.0282021392785181,NA,NA
"479","LTR27",25.4060595188172,-0.604750798386155,0.258689113854584,0.00561784147201629,0.0284052109428824,NA,NA
"480","tRNA-Pro-CCY",1.66829015270809,1.06713012771566,0.622000697757888,0.0056144448691752,0.0284052109428824,NA,NA
"481","(CACCCA)n",2.14738385533391,-1.69050232722631,0.810928586475275,0.0056528898495653,0.0285230013823181,NA,NA
"482","(CCGGCC)n",1.65178327788429,1.11906788809563,0.647019479628407,0.00570619150320573,0.0287322132329467,NA,NA
"483","Charlie4a",442.110663051829,0.27530450120401,0.104658680378967,0.00580280084466413,0.0291581731884055,NA,NA
"484","HERVL18-int",159.139942340056,1.06192543651917,0.404877132582849,0.005854792019349,0.0293586368408265,NA,NA
"485","(TATAGA)n",1.02458402967409,-0.833980956845354,0.453666084448687,0.00588851017677027,0.0294371771449618,NA,NA
"486","MER51E",778.244597280145,0.279725744473604,0.402913439973907,0.00590684189105743,0.0294371771449618,NA,NA
"487","X5B_LINE",1.79209886976835,1.01177392892596,0.555079257109606,0.00590578038441559,0.0294371771449618,NA,NA
"488","(GGCCACACAG)n",0.392275968218097,-1.61909958316898,0.785114551143764,0.00596036996698635,0.0296430694874505,NA,NA
"489","HERV-Fc1_LTR2",3.05932906527228,0.239651776511372,0.491441865697822,0.00599092046036733,0.0297340776223139,NA,NA
"490","MER21C",1686.39424764503,0.314760033177749,0.121363927512085,0.0060445614528224,0.0299390829510203,NA,NA
"491","(AGA)n",2.89562106596303,1.24756133878419,0.644477437121666,0.0060640459410186,0.0299744185312671,NA,NA
"492","(TAATATG)n",0.330173458290347,-1.39583802686658,0.690475247389811,0.00609062843351364,0.029983681963768,NA,NA
"493","MER52-int",44.5650372322659,0.507584734950909,0.226114975173245,0.00608410349261027,0.029983681963768,NA,NA
"494","LOR1-int",336.288239428322,-0.342901760643373,0.134216791100421,0.00616760211133158,0.0303011545024327,NA,NA
"495","(ATAC)n",5.11920332505092,-0.546349151809719,0.239070615587635,0.00620132800463917,0.0303439981194743,NA,NA
"496","(GATTCCATTC)n",1.45843363218002,0.0390886164747157,0.333295894328416,0.00619761351197606,0.0303439981194743,NA,NA
"497","Charlie7",238.788801683104,-0.197188150382447,0.0737566770495935,0.00623820301645609,0.0304630155350884,NA,NA
"498","Tigger15a",393.105790745419,-0.200404229530784,0.0751668569082507,0.00628115008646147,0.0306111471081164,NA,NA
"499","(TGTTGTA)n",0.415280300898476,-1.28317260130334,0.688787100675601,0.00634326516656288,0.030851912944385,NA,NA
"500","MLT1A0",3192.17373088999,-0.129559750816282,0.0479893070861344,0.0064172472080381,0.0311493179478169,NA,NA
"501","MER70-int",172.395869229216,0.272959219076831,0.105630374406049,0.00653767277673793,0.0316705226130598,NA,NA
"502","(ACAGAG)n",6.85666213841156,-0.708009417071577,0.335031743491203,0.00656325181600336,0.0317310999152194,NA,NA
"503","(TTTTTGT)n",0.284406010506568,-1.74144916029394,0.792937173723187,0.00664811531295871,0.0320774868082521,NA,NA
"504","LTR56",91.5135207106934,0.298108136240712,0.11806938561823,0.0066839324813509,0.0321863177226957,NA,NA
"505","(ATATTT)n",3.26261255753291,-0.589728920091754,0.285211138055785,0.0067646339734196,0.0325104290168106,NA,NA
"506","(ATTTAT)n",1.85454133398888,1.01966549279094,0.628002313100874,0.00680151738516671,0.0326230883276672,NA,NA
"507","ERV3-16A3_I-int",1519.26603938499,0.430412213587584,0.183412529937646,0.00687408940794785,0.0329061439705906,NA,NA
"508","UCON88",1.08104839844372,1.24071353429028,0.85830972994345,0.00691703157346478,0.0330465268283445,NA,NA
"509","(AGGA)n",1.79064419950192,-0.651830964780402,0.313630437993436,0.00704138343438516,0.0335745335859583,NA,NA
"510","(CCTCAG)n",0.854270788715578,-0.881574287082254,0.520580206014819,0.00715944685978945,0.0340705441739392,NA,NA
"511","MER54B",43.8722868211715,-0.418134794739765,0.173051390125751,0.00723480203402904,0.0343617701303102,NA,NA
"512","MER76",129.24367009806,0.475000803597884,0.21318185749212,0.00731034999540755,0.0346527723415119,NA,NA
"513","Kanga2_a",126.700761501695,-0.275082616613729,0.107577002677144,0.00737093194764417,0.0348718359394394,NA,NA
"514","MER34A",209.195584584912,-0.255970915902114,0.10035474218681,0.00738725969862269,0.0348810881100336,NA,NA
"515","(TATGAA)n",0.82561826892976,-0.900406401371105,0.517462903053286,0.00749719079485694,0.0353141498182615,NA,NA
"516","Tigger4",549.929637860922,-0.225220256499642,0.087450621375594,0.0075080763519666,0.0353141498182615,NA,NA
"517","(TTCTCG)n",27.7505035818943,-1.05459306948839,0.546780928681115,0.00763400568482001,0.0358370054101705,NA,NA
"518","L1M4a2",219.833528582446,0.214135289003335,0.0838678083303209,0.00768971739937209,0.0360288496684866,NA,NA
"519","(CCCCAG)n",1.67317496349453,-0.795528445867465,0.425464176752139,0.00771958989150447,0.0360631385473607,NA,NA
"520","(CCTGCCT)n",0.461554879307979,-1.18469527669292,0.726778598415663,0.00772675403569327,0.0360631385473607,NA,NA
"521","MER51-int",110.634532981195,0.475574592511798,0.216688010212676,0.00785337071574725,0.0365837441979243,NA,NA
"522","LTR62",113.105946232851,0.412866616561464,0.178425648701755,0.00790336187899463,0.0367460905753256,NA,NA
"523","(TGGTGT)n",0.966688233703509,-1.40549514204118,0.7819580966801,0.0079477605731312,0.0368818640745495,NA,NA
"524","LTR54",149.83248266045,0.475909106638539,0.135487143402275,0.0081868324173804,0.0379187829713402,NA,NA
"525","(ACATAC)n",6.55852787052244,0.722939219729069,0.406767170364271,0.0082508086595797,0.0381423097462856,NA,NA
"526","UCON1",11.4333858582417,0.718595188693834,0.414972530579318,0.00834235847740285,0.0384922129746325,NA,NA
"527","(CTTTTCT)n",0.489059591785356,-1.11537603800455,0.684713940671657,0.00839495886040519,0.0386614139548452,NA,NA
"528","LTR22B",20.0437856419129,0.474887001321933,0.217847083912953,0.00867739751436583,0.039886446529102,NA,NA
"529","L2",7550.43848280964,-0.131416221412477,0.051399137258171,0.00880077585475671,0.0403770945170029,NA,NA
"530","MER58A",1074.37852633225,0.178756419187138,0.0680770497969303,0.00886032933466924,0.0405736213117778,NA,NA
"531","(CGCCGCC)n",0.612898634998108,-0.952903142812586,0.573795745588711,0.00888526093743776,0.0406111643976675,NA,NA
"532","L1PA16",2727.67941568188,0.209236509835429,0.0802494023542427,0.00892211380897903,0.0407029515308122,NA,NA
"533","(AATGG)n",33.4875255402997,-0.714236998096587,0.287356058875364,0.00915054612195177,0.0416286183661375,NA,NA
"534","LTR41",393.990033638985,0.222921185057758,0.0892625604565794,0.00915932517821072,0.0416286183661375,NA,NA
"535","L1MEg",1755.08928548441,-0.182501806950242,0.0715049389957551,0.00919054944935213,0.0416924551655656,NA,NA
"536","L1ME3F",1355.30263936179,-0.310175251785854,0.127164441510576,0.00940924251713767,0.0426049096811439,NA,NA
"537","A-rich",537.429632302971,-0.230045941808988,0.0918642973740611,0.00949125655872344,0.042737068029725,NA,NA
"538","LTR24B",108.69989888754,-0.215403383533473,0.0856709287060644,0.0094567072989765,0.042737068029725,NA,NA
"539","tRNA-Glu-GAA",0.99546469596466,-0.84705393371613,0.585607373932303,0.00948746887046261,0.042737068029725,NA,NA
"540","MER4C",96.3953701627694,0.24257805946399,0.0979903952765576,0.00963939386529236,0.0433237202056751,NA,NA
"541","AluYk11",33.1205567957223,0.795537510113759,0.463084186317953,0.00969855569058312,0.0435090474326159,NA,NA
"542","(ATTAGTA)n",2.83071278550562,0.82328719589233,0.496673835198566,0.00978143009320115,0.0437998723915114,NA,NA
"543","U17",36.6412555957174,2.98914123737034,0.372869875088409,0.00980216238180098,0.0438118749551215,NA,NA
"544","(TCT)n",50.6248133917141,1.02272903818011,0.532580095310146,0.0100564429995282,0.0448657852203215,NA,NA
"545","(GATGGT)n",18.0390609664721,0.736100565359563,0.53265561762706,0.0104119605335094,0.0462817366571929,NA,NA
"546","MamRep434",291.74050154989,-0.312759515810428,0.131209319453052,0.0103973628346721,0.0462817366571929,NA,NA
"547","MARNA",873.864984331932,-0.244146598076999,0.0992561761938211,0.0104442707928783,0.0463404848524964,NA,NA
"548","MER83B-int",41.661005647249,0.372393621655197,0.16341697596923,0.0104774605032965,0.0464029135793808,NA,NA
"549","LTR1",64.8043330899627,0.458042192067658,0.216555086864519,0.0105554222852676,0.0466630416873304,NA,NA
"550","DNA1_Mam",6.44524792218205,-0.447596966130414,0.211454448478879,0.0105753990080737,0.0466663516228998,NA,NA
"551","(TGGCAGG)n",0.386300398276283,-1.14963734406199,0.638933399243364,0.0106235252226631,0.0467936401368481,NA,NA
"552","(TCCA)n",41.7798426041688,-0.401355238475419,0.175550234803163,0.0107834988886851,0.047392808842622,NA,NA
"553","LTR7B",938.990871519051,0.461949136940731,0.221623872364182,0.010798608689728,0.047392808842622,NA,NA
"554","MamRep1879",51.8689729985072,-0.266713553614636,0.110305203834556,0.0108531016831026,0.0475459887813897,NA,NA
"555","(ATGTGT)n",6.29762182175322,1.51685081114881,1.10216849766165,0.0108937433973472,0.0476380454511022,NA,NA
"556","(CTTTCCT)n",0.687158410914851,-0.838458578827033,0.623314448544425,0.010965398896255,0.0477273829696438,NA,NA
"557","AluYh9",4.31323144774209,0.663848992434958,0.367091350086837,0.0109731683959873,0.0477273829696438,NA,NA
"558","MIR3",5417.07112945032,-0.15859799669649,0.0633221998041261,0.0109368146400452,0.0477273829696438,NA,NA
"559","L4_B_Mam",323.053430484344,0.560820404993858,0.209134843962797,0.0110588634767607,0.0480140637890847,NA,NA
"560","(TATATTT)n",0.382420034278485,-1.04317146073531,0.646649936625446,0.0110811645596397,0.0480249756897244,NA,NA
"561","L1PA10",1611.79430244316,0.243905713945889,0.100566238682329,0.0111346313303118,0.0481706777872848,NA,NA
"562","(TCTTTG)n",0.662198605163725,-0.769934945892194,0.527574711815405,0.0112010622568061,0.0483718471481643,NA,NA
"563","MER33",585.748187894075,0.169167778351013,0.0676230417848063,0.0112895855566591,0.048581248485836,NA,NA
"564","tRNA-Ile-ATT",1.34273806166712,-0.671602032744356,0.406181295856411,0.0112805235967785,0.048581248485836,NA,NA
"565","MER106B",51.2932689610029,-0.258312123711657,0.107095748083399,0.0113415362963864,0.0487184222855394,NA,NA
"566","MER57E1",116.431656116874,0.377273462391826,0.169967622591158,0.0114434476033138,0.0490693415781673,NA,NA
"567","(CCGCTT)n",0.953840827425745,1.38503222732042,0.950317812629383,0.0115558081408574,0.0494637501902307,NA,NA
